timestamp,config_hash,input_files,random_seed,status,reason,stack,model,held_out_region,n_train,n_test,n_test_dropped_unseen_class,oa,macro_f1,classes_train,classes_test_evaluated
20260618T154132Z,2669ca471fe766df3b3392c7d3416b47e081e412214a4c36dca25c8f8ce306a1,C:\Users\m1761\Documents\New project\IJRS_ADJUDICATED_SENSITIVITY_20260618\config\config_adjudicated_sensitivity_20260618.yaml;C:\Users\m1761\Documents\New project\IJRS_ADJUDICATED_SENSITIVITY_20260618\data\features_fold3_teacher_vhr_repair_20260613\B0.csv,42,OK,,B0,RandomForest,advisor_vhr_cell_39_1,507,18,0,0.3333333333333333,0.2,1|2|3|4|5|6,1|3|4
20260618T154134Z,2669ca471fe766df3b3392c7d3416b47e081e412214a4c36dca25c8f8ce306a1,C:\Users\m1761\Documents\New project\IJRS_ADJUDICATED_SENSITIVITY_20260618\config\config_adjudicated_sensitivity_20260618.yaml;C:\Users\m1761\Documents\New project\IJRS_ADJUDICATED_SENSITIVITY_20260618\data\features_fold3_teacher_vhr_repair_20260613\B0.csv,42,OK,,B0,XGBoost,advisor_vhr_cell_39_1,507,18,0,0.3333333333333333,0.17777777777777778,1|2|3|4|5|6,1|3|4
20260618T154135Z,2669ca471fe766df3b3392c7d3416b47e081e412214a4c36dca25c8f8ce306a1,C:\Users\m1761\Documents\New project\IJRS_ADJUDICATED_SENSITIVITY_20260618\config\config_adjudicated_sensitivity_20260618.yaml;C:\Users\m1761\Documents\New project\IJRS_ADJUDICATED_SENSITIVITY_20260618\data\features_fold3_teacher_vhr_repair_20260613\B0.csv,42,OK,,B0,RandomForest,advisor_vhr_cell_39_2,485,40,0,0.4,0.33240093240093244,1|2|3|4|5|6,1|2|3|4|5|6
20260618T154138Z,2669ca471fe766df3b3392c7d3416b47e081e412214a4c36dca25c8f8ce306a1,C:\Users\m1761\Documents\New project\IJRS_ADJUDICATED_SENSITIVITY_20260618\config\config_adjudicated_sensitivity_20260618.yaml;C:\Users\m1761\Documents\New project\IJRS_ADJUDICATED_SENSITIVITY_20260618\data\features_fold3_teacher_vhr_repair_20260613\B0.csv,42,OK,,B0,XGBoost,advisor_vhr_cell_39_2,485,40,0,0.4,0.3298756798756799,1|2|3|4|5|6,1|2|3|4|5|6
20260618T154139Z,2669ca471fe766df3b3392c7d3416b47e081e412214a4c36dca25c8f8ce306a1,C:\Users\m1761\Documents\New project\IJRS_ADJUDICATED_SENSITIVITY_20260618\config\config_adjudicated_sensitivity_20260618.yaml;C:\Users\m1761\Documents\New project\IJRS_ADJUDICATED_SENSITIVITY_20260618\data\features_fold3_teacher_vhr_repair_20260613\B0.csv,42,OK,,B0,RandomForest,advisor_vhr_cell_40_2,504,21,0,0.3333333333333333,0.2913059163059163,1|2|3|4|5|6,1|2|3|4|5
20260618T154141Z,2669ca471fe766df3b3392c7d3416b47e081e412214a4c36dca25c8f8ce306a1,C:\Users\m1761\Documents\New project\IJRS_ADJUDICATED_SENSITIVITY_20260618\config\config_adjudicated_sensitivity_20260618.yaml;C:\Users\m1761\Documents\New project\IJRS_ADJUDICATED_SENSITIVITY_20260618\data\features_fold3_teacher_vhr_repair_20260613\B0.csv,42,OK,,B0,XGBoost,advisor_vhr_cell_40_2,504,21,0,0.2857142857142857,0.24206349206349206,1|2|3|4|5|6,1|2|3|4|5
20260618T154142Z,2669ca471fe766df3b3392c7d3416b47e081e412214a4c36dca25c8f8ce306a1,C:\Users\m1761\Documents\New project\IJRS_ADJUDICATED_SENSITIVITY_20260618\config\config_adjudicated_sensitivity_20260618.yaml;C:\Users\m1761\Documents\New project\IJRS_ADJUDICATED_SENSITIVITY_20260618\data\features_fold3_teacher_vhr_repair_20260613\B0.csv,42,OK,,B0,RandomForest,fold3_teacher_vhr_cell_88_2,524,1,0,0.0,0.0,1|2|3|4|5|6,1
20260618T154145Z,2669ca471fe766df3b3392c7d3416b47e081e412214a4c36dca25c8f8ce306a1,C:\Users\m1761\Documents\New project\IJRS_ADJUDICATED_SENSITIVITY_20260618\config\config_adjudicated_sensitivity_20260618.yaml;C:\Users\m1761\Documents\New project\IJRS_ADJUDICATED_SENSITIVITY_20260618\data\features_fold3_teacher_vhr_repair_20260613\B0.csv,42,OK,,B0,XGBoost,fold3_teacher_vhr_cell_88_2,524,1,0,0.0,0.0,1|2|3|4|5|6,1
20260618T154146Z,2669ca471fe766df3b3392c7d3416b47e081e412214a4c36dca25c8f8ce306a1,C:\Users\m1761\Documents\New project\IJRS_ADJUDICATED_SENSITIVITY_20260618\config\config_adjudicated_sensitivity_20260618.yaml;C:\Users\m1761\Documents\New project\IJRS_ADJUDICATED_SENSITIVITY_20260618\data\features_fold3_teacher_vhr_repair_20260613\B0.csv,42,OK,,B0,RandomForest,fold3_teacher_vhr_cell_88_3,524,1,0,0.0,0.0,1|2|3|4|5|6,4
20260618T154149Z,2669ca471fe766df3b3392c7d3416b47e081e412214a4c36dca25c8f8ce306a1,C:\Users\m1761\Documents\New project\IJRS_ADJUDICATED_SENSITIVITY_20260618\config\config_adjudicated_sensitivity_20260618.yaml;C:\Users\m1761\Documents\New project\IJRS_ADJUDICATED_SENSITIVITY_20260618\data\features_fold3_teacher_vhr_repair_20260613\B0.csv,42,OK,,B0,XGBoost,fold3_teacher_vhr_cell_88_3,524,1,0,0.0,0.0,1|2|3|4|5|6,4
20260618T154150Z,2669ca471fe766df3b3392c7d3416b47e081e412214a4c36dca25c8f8ce306a1,C:\Users\m1761\Documents\New project\IJRS_ADJUDICATED_SENSITIVITY_20260618\config\config_adjudicated_sensitivity_20260618.yaml;C:\Users\m1761\Documents\New project\IJRS_ADJUDICATED_SENSITIVITY_20260618\data\features_fold3_teacher_vhr_repair_20260613\B0.csv,42,OK,,B0,RandomForest,fold3_teacher_vhr_cell_88_4,524,1,0,1.0,1.0,1|2|3|4|5|6,5
20260618T154152Z,2669ca471fe766df3b3392c7d3416b47e081e412214a4c36dca25c8f8ce306a1,C:\Users\m1761\Documents\New project\IJRS_ADJUDICATED_SENSITIVITY_20260618\config\config_adjudicated_sensitivity_20260618.yaml;C:\Users\m1761\Documents\New project\IJRS_ADJUDICATED_SENSITIVITY_20260618\data\features_fold3_teacher_vhr_repair_20260613\B0.csv,42,OK,,B0,XGBoost,fold3_teacher_vhr_cell_88_4,524,1,0,1.0,1.0,1|2|3|4|5|6,5
20260618T154154Z,2669ca471fe766df3b3392c7d3416b47e081e412214a4c36dca25c8f8ce306a1,C:\Users\m1761\Documents\New project\IJRS_ADJUDICATED_SENSITIVITY_20260618\config\config_adjudicated_sensitivity_20260618.yaml;C:\Users\m1761\Documents\New project\IJRS_ADJUDICATED_SENSITIVITY_20260618\data\features_fold3_teacher_vhr_repair_20260613\B0.csv,42,OK,,B0,RandomForest,johor_negeri_pahang_rubber_belt,473,52,0,0.3076923076923077,0.16458166265704358,1|2|3|4|5|6,1|2|3|4|5|6
20260618T154156Z,2669ca471fe766df3b3392c7d3416b47e081e412214a4c36dca25c8f8ce306a1,C:\Users\m1761\Documents\New project\IJRS_ADJUDICATED_SENSITIVITY_20260618\config\config_adjudicated_sensitivity_20260618.yaml;C:\Users\m1761\Documents\New project\IJRS_ADJUDICATED_SENSITIVITY_20260618\data\features_fold3_teacher_vhr_repair_20260613\B0.csv,42,OK,,B0,XGBoost,johor_negeri_pahang_rubber_belt,473,52,0,0.34615384615384615,0.20508052097199383,1|2|3|4|5|6,1|2|3|4|5|6
20260618T154157Z,2669ca471fe766df3b3392c7d3416b47e081e412214a4c36dca25c8f8ce306a1,C:\Users\m1761\Documents\New project\IJRS_ADJUDICATED_SENSITIVITY_20260618\config\config_adjudicated_sensitivity_20260618.yaml;C:\Users\m1761\Documents\New project\IJRS_ADJUDICATED_SENSITIVITY_20260618\data\features_fold3_teacher_vhr_repair_20260613\B0.csv,42,OK,,B0,RandomForest,kedah_perlis_paddy_belt,400,125,0,0.576,0.49008929878495094,1|2|3|4|5|6,3|4|5|6
20260618T154200Z,2669ca471fe766df3b3392c7d3416b47e081e412214a4c36dca25c8f8ce306a1,C:\Users\m1761\Documents\New project\IJRS_ADJUDICATED_SENSITIVITY_20260618\config\config_adjudicated_sensitivity_20260618.yaml;C:\Users\m1761\Documents\New project\IJRS_ADJUDICATED_SENSITIVITY_20260618\data\features_fold3_teacher_vhr_repair_20260613\B0.csv,42,OK,,B0,XGBoost,kedah_perlis_paddy_belt,400,125,0,0.52,0.434137489260641,1|2|3|4|5|6,3|4|5|6
20260618T154201Z,2669ca471fe766df3b3392c7d3416b47e081e412214a4c36dca25c8f8ce306a1,C:\Users\m1761\Documents\New project\IJRS_ADJUDICATED_SENSITIVITY_20260618\config\config_adjudicated_sensitivity_20260618.yaml;C:\Users\m1761\Documents\New project\IJRS_ADJUDICATED_SENSITIVITY_20260618\data\features_fold3_teacher_vhr_repair_20260613\B0.csv,42,OK,,B0,RandomForest,study_area,259,266,0,0.42857142857142855,0.3247189693748953,1|2|3|4|5|6,1|3|4|5|6
20260618T154203Z,2669ca471fe766df3b3392c7d3416b47e081e412214a4c36dca25c8f8ce306a1,C:\Users\m1761\Documents\New project\IJRS_ADJUDICATED_SENSITIVITY_20260618\config\config_adjudicated_sensitivity_20260618.yaml;C:\Users\m1761\Documents\New project\IJRS_ADJUDICATED_SENSITIVITY_20260618\data\features_fold3_teacher_vhr_repair_20260613\B0.csv,42,OK,,B0,XGBoost,study_area,259,266,0,0.47368421052631576,0.3614430714687627,1|2|3|4|5|6,1|3|4|5|6
20260618T154204Z,2669ca471fe766df3b3392c7d3416b47e081e412214a4c36dca25c8f8ce306a1,C:\Users\m1761\Documents\New project\IJRS_ADJUDICATED_SENSITIVITY_20260618\config\config_adjudicated_sensitivity_20260618.yaml;C:\Users\m1761\Documents\New project\IJRS_ADJUDICATED_SENSITIVITY_20260618\data\features_fold3_teacher_vhr_repair_20260613\B1.csv,42,OK,,B1,RandomForest,advisor_vhr_cell_39_1,507,18,0,0.3888888888888889,0.16470588235294117,1|2|3|4|5|6,1|3|4
20260618T154207Z,2669ca471fe766df3b3392c7d3416b47e081e412214a4c36dca25c8f8ce306a1,C:\Users\m1761\Documents\New project\IJRS_ADJUDICATED_SENSITIVITY_20260618\config\config_adjudicated_sensitivity_20260618.yaml;C:\Users\m1761\Documents\New project\IJRS_ADJUDICATED_SENSITIVITY_20260618\data\features_fold3_teacher_vhr_repair_20260613\B1.csv,42,OK,,B1,XGBoost,advisor_vhr_cell_39_1,507,18,0,0.5,0.3222222222222222,1|2|3|4|5|6,1|3|4
20260618T154208Z,2669ca471fe766df3b3392c7d3416b47e081e412214a4c36dca25c8f8ce306a1,C:\Users\m1761\Documents\New project\IJRS_ADJUDICATED_SENSITIVITY_20260618\config\config_adjudicated_sensitivity_20260618.yaml;C:\Users\m1761\Documents\New project\IJRS_ADJUDICATED_SENSITIVITY_20260618\data\features_fold3_teacher_vhr_repair_20260613\B1.csv,42,OK,,B1,RandomForest,advisor_vhr_cell_39_2,485,40,0,0.575,0.40220118698820523,1|2|3|4|5|6,1|2|3|4|5|6
20260618T154210Z,2669ca471fe766df3b3392c7d3416b47e081e412214a4c36dca25c8f8ce306a1,C:\Users\m1761\Documents\New project\IJRS_ADJUDICATED_SENSITIVITY_20260618\config\config_adjudicated_sensitivity_20260618.yaml;C:\Users\m1761\Documents\New project\IJRS_ADJUDICATED_SENSITIVITY_20260618\data\features_fold3_teacher_vhr_repair_20260613\B1.csv,42,OK,,B1,XGBoost,advisor_vhr_cell_39_2,485,40,0,0.575,0.44669312169312175,1|2|3|4|5|6,1|2|3|4|5|6
20260618T154211Z,2669ca471fe766df3b3392c7d3416b47e081e412214a4c36dca25c8f8ce306a1,C:\Users\m1761\Documents\New project\IJRS_ADJUDICATED_SENSITIVITY_20260618\config\config_adjudicated_sensitivity_20260618.yaml;C:\Users\m1761\Documents\New project\IJRS_ADJUDICATED_SENSITIVITY_20260618\data\features_fold3_teacher_vhr_repair_20260613\B1.csv,42,OK,,B1,RandomForest,advisor_vhr_cell_40_2,504,21,0,0.42857142857142855,0.38311688311688313,1|2|3|4|5|6,1|2|3|4|5
20260618T154214Z,2669ca471fe766df3b3392c7d3416b47e081e412214a4c36dca25c8f8ce306a1,C:\Users\m1761\Documents\New project\IJRS_ADJUDICATED_SENSITIVITY_20260618\config\config_adjudicated_sensitivity_20260618.yaml;C:\Users\m1761\Documents\New project\IJRS_ADJUDICATED_SENSITIVITY_20260618\data\features_fold3_teacher_vhr_repair_20260613\B1.csv,42,OK,,B1,XGBoost,advisor_vhr_cell_40_2,504,21,0,0.38095238095238093,0.36388888888888893,1|2|3|4|5|6,1|2|3|4|5
20260618T154215Z,2669ca471fe766df3b3392c7d3416b47e081e412214a4c36dca25c8f8ce306a1,C:\Users\m1761\Documents\New project\IJRS_ADJUDICATED_SENSITIVITY_20260618\config\config_adjudicated_sensitivity_20260618.yaml;C:\Users\m1761\Documents\New project\IJRS_ADJUDICATED_SENSITIVITY_20260618\data\features_fold3_teacher_vhr_repair_20260613\B1.csv,42,OK,,B1,RandomForest,fold3_teacher_vhr_cell_88_2,524,1,0,0.0,0.0,1|2|3|4|5|6,1
20260618T154218Z,2669ca471fe766df3b3392c7d3416b47e081e412214a4c36dca25c8f8ce306a1,C:\Users\m1761\Documents\New project\IJRS_ADJUDICATED_SENSITIVITY_20260618\config\config_adjudicated_sensitivity_20260618.yaml;C:\Users\m1761\Documents\New project\IJRS_ADJUDICATED_SENSITIVITY_20260618\data\features_fold3_teacher_vhr_repair_20260613\B1.csv,42,OK,,B1,XGBoost,fold3_teacher_vhr_cell_88_2,524,1,0,0.0,0.0,1|2|3|4|5|6,1
20260618T154220Z,2669ca471fe766df3b3392c7d3416b47e081e412214a4c36dca25c8f8ce306a1,C:\Users\m1761\Documents\New project\IJRS_ADJUDICATED_SENSITIVITY_20260618\config\config_adjudicated_sensitivity_20260618.yaml;C:\Users\m1761\Documents\New project\IJRS_ADJUDICATED_SENSITIVITY_20260618\data\features_fold3_teacher_vhr_repair_20260613\B1.csv,42,OK,,B1,RandomForest,fold3_teacher_vhr_cell_88_3,524,1,0,0.0,0.0,1|2|3|4|5|6,4
20260618T154223Z,2669ca471fe766df3b3392c7d3416b47e081e412214a4c36dca25c8f8ce306a1,C:\Users\m1761\Documents\New project\IJRS_ADJUDICATED_SENSITIVITY_20260618\config\config_adjudicated_sensitivity_20260618.yaml;C:\Users\m1761\Documents\New project\IJRS_ADJUDICATED_SENSITIVITY_20260618\data\features_fold3_teacher_vhr_repair_20260613\B1.csv,42,OK,,B1,XGBoost,fold3_teacher_vhr_cell_88_3,524,1,0,0.0,0.0,1|2|3|4|5|6,4
20260618T154224Z,2669ca471fe766df3b3392c7d3416b47e081e412214a4c36dca25c8f8ce306a1,C:\Users\m1761\Documents\New project\IJRS_ADJUDICATED_SENSITIVITY_20260618\config\config_adjudicated_sensitivity_20260618.yaml;C:\Users\m1761\Documents\New project\IJRS_ADJUDICATED_SENSITIVITY_20260618\data\features_fold3_teacher_vhr_repair_20260613\B1.csv,42,OK,,B1,RandomForest,fold3_teacher_vhr_cell_88_4,524,1,0,1.0,1.0,1|2|3|4|5|6,5
20260618T154227Z,2669ca471fe766df3b3392c7d3416b47e081e412214a4c36dca25c8f8ce306a1,C:\Users\m1761\Documents\New project\IJRS_ADJUDICATED_SENSITIVITY_20260618\config\config_adjudicated_sensitivity_20260618.yaml;C:\Users\m1761\Documents\New project\IJRS_ADJUDICATED_SENSITIVITY_20260618\data\features_fold3_teacher_vhr_repair_20260613\B1.csv,42,OK,,B1,XGBoost,fold3_teacher_vhr_cell_88_4,524,1,0,1.0,1.0,1|2|3|4|5|6,5
20260618T154228Z,2669ca471fe766df3b3392c7d3416b47e081e412214a4c36dca25c8f8ce306a1,C:\Users\m1761\Documents\New project\IJRS_ADJUDICATED_SENSITIVITY_20260618\config\config_adjudicated_sensitivity_20260618.yaml;C:\Users\m1761\Documents\New project\IJRS_ADJUDICATED_SENSITIVITY_20260618\data\features_fold3_teacher_vhr_repair_20260613\B1.csv,42,OK,,B1,RandomForest,johor_negeri_pahang_rubber_belt,473,52,0,0.46153846153846156,0.255006105006105,1|2|3|4|5|6,1|2|3|4|5|6
20260618T154231Z,2669ca471fe766df3b3392c7d3416b47e081e412214a4c36dca25c8f8ce306a1,C:\Users\m1761\Documents\New project\IJRS_ADJUDICATED_SENSITIVITY_20260618\config\config_adjudicated_sensitivity_20260618.yaml;C:\Users\m1761\Documents\New project\IJRS_ADJUDICATED_SENSITIVITY_20260618\data\features_fold3_teacher_vhr_repair_20260613\B1.csv,42,OK,,B1,XGBoost,johor_negeri_pahang_rubber_belt,473,52,0,0.4230769230769231,0.2376456876456876,1|2|3|4|5|6,1|2|3|4|5|6
20260618T154233Z,2669ca471fe766df3b3392c7d3416b47e081e412214a4c36dca25c8f8ce306a1,C:\Users\m1761\Documents\New project\IJRS_ADJUDICATED_SENSITIVITY_20260618\config\config_adjudicated_sensitivity_20260618.yaml;C:\Users\m1761\Documents\New project\IJRS_ADJUDICATED_SENSITIVITY_20260618\data\features_fold3_teacher_vhr_repair_20260613\B1.csv,42,OK,,B1,RandomForest,kedah_perlis_paddy_belt,400,125,0,0.744,0.5720750574594353,1|2|3|4|5|6,3|4|5|6
20260618T154236Z,2669ca471fe766df3b3392c7d3416b47e081e412214a4c36dca25c8f8ce306a1,C:\Users\m1761\Documents\New project\IJRS_ADJUDICATED_SENSITIVITY_20260618\config\config_adjudicated_sensitivity_20260618.yaml;C:\Users\m1761\Documents\New project\IJRS_ADJUDICATED_SENSITIVITY_20260618\data\features_fold3_teacher_vhr_repair_20260613\B1.csv,42,OK,,B1,XGBoost,kedah_perlis_paddy_belt,400,125,0,0.696,0.44588744588744583,1|2|3|4|5|6,3|4|5|6
20260618T154237Z,2669ca471fe766df3b3392c7d3416b47e081e412214a4c36dca25c8f8ce306a1,C:\Users\m1761\Documents\New project\IJRS_ADJUDICATED_SENSITIVITY_20260618\config\config_adjudicated_sensitivity_20260618.yaml;C:\Users\m1761\Documents\New project\IJRS_ADJUDICATED_SENSITIVITY_20260618\data\features_fold3_teacher_vhr_repair_20260613\B1.csv,42,OK,,B1,RandomForest,study_area,259,266,0,0.5112781954887218,0.37906626850385766,1|2|3|4|5|6,1|3|4|5|6
20260618T154239Z,2669ca471fe766df3b3392c7d3416b47e081e412214a4c36dca25c8f8ce306a1,C:\Users\m1761\Documents\New project\IJRS_ADJUDICATED_SENSITIVITY_20260618\config\config_adjudicated_sensitivity_20260618.yaml;C:\Users\m1761\Documents\New project\IJRS_ADJUDICATED_SENSITIVITY_20260618\data\features_fold3_teacher_vhr_repair_20260613\B1.csv,42,OK,,B1,XGBoost,study_area,259,266,0,0.5451127819548872,0.400276157534222,1|2|3|4|5|6,1|3|4|5|6
20260618T154240Z,2669ca471fe766df3b3392c7d3416b47e081e412214a4c36dca25c8f8ce306a1,C:\Users\m1761\Documents\New project\IJRS_ADJUDICATED_SENSITIVITY_20260618\config\config_adjudicated_sensitivity_20260618.yaml;C:\Users\m1761\Documents\New project\IJRS_ADJUDICATED_SENSITIVITY_20260618\data\features_fold3_teacher_vhr_repair_20260613\B2.csv,42,OK,,B2,RandomForest,advisor_vhr_cell_39_1,507,18,0,0.6666666666666666,0.38888888888888884,1|2|3|4|5|6,1|3|4
20260618T154243Z,2669ca471fe766df3b3392c7d3416b47e081e412214a4c36dca25c8f8ce306a1,C:\Users\m1761\Documents\New project\IJRS_ADJUDICATED_SENSITIVITY_20260618\config\config_adjudicated_sensitivity_20260618.yaml;C:\Users\m1761\Documents\New project\IJRS_ADJUDICATED_SENSITIVITY_20260618\data\features_fold3_teacher_vhr_repair_20260613\B2.csv,42,OK,,B2,XGBoost,advisor_vhr_cell_39_1,507,18,0,0.6666666666666666,0.38888888888888884,1|2|3|4|5|6,1|3|4
20260618T154244Z,2669ca471fe766df3b3392c7d3416b47e081e412214a4c36dca25c8f8ce306a1,C:\Users\m1761\Documents\New project\IJRS_ADJUDICATED_SENSITIVITY_20260618\config\config_adjudicated_sensitivity_20260618.yaml;C:\Users\m1761\Documents\New project\IJRS_ADJUDICATED_SENSITIVITY_20260618\data\features_fold3_teacher_vhr_repair_20260613\B2.csv,42,OK,,B2,RandomForest,advisor_vhr_cell_39_2,485,40,0,0.75,0.6524475524475524,1|2|3|4|5|6,1|2|3|4|5|6
20260618T154247Z,2669ca471fe766df3b3392c7d3416b47e081e412214a4c36dca25c8f8ce306a1,C:\Users\m1761\Documents\New project\IJRS_ADJUDICATED_SENSITIVITY_20260618\config\config_adjudicated_sensitivity_20260618.yaml;C:\Users\m1761\Documents\New project\IJRS_ADJUDICATED_SENSITIVITY_20260618\data\features_fold3_teacher_vhr_repair_20260613\B2.csv,42,OK,,B2,XGBoost,advisor_vhr_cell_39_2,485,40,0,0.75,0.5909090909090909,1|2|3|4|5|6,1|2|3|4|5|6
20260618T154249Z,2669ca471fe766df3b3392c7d3416b47e081e412214a4c36dca25c8f8ce306a1,C:\Users\m1761\Documents\New project\IJRS_ADJUDICATED_SENSITIVITY_20260618\config\config_adjudicated_sensitivity_20260618.yaml;C:\Users\m1761\Documents\New project\IJRS_ADJUDICATED_SENSITIVITY_20260618\data\features_fold3_teacher_vhr_repair_20260613\B2.csv,42,OK,,B2,RandomForest,advisor_vhr_cell_40_2,504,21,0,0.7142857142857143,0.6430952380952382,1|2|3|4|5|6,1|2|3|4|5
20260618T154252Z,2669ca471fe766df3b3392c7d3416b47e081e412214a4c36dca25c8f8ce306a1,C:\Users\m1761\Documents\New project\IJRS_ADJUDICATED_SENSITIVITY_20260618\config\config_adjudicated_sensitivity_20260618.yaml;C:\Users\m1761\Documents\New project\IJRS_ADJUDICATED_SENSITIVITY_20260618\data\features_fold3_teacher_vhr_repair_20260613\B2.csv,42,OK,,B2,XGBoost,advisor_vhr_cell_40_2,504,21,0,0.7619047619047619,0.6908730158730159,1|2|3|4|5|6,1|2|3|4|5
20260618T154253Z,2669ca471fe766df3b3392c7d3416b47e081e412214a4c36dca25c8f8ce306a1,C:\Users\m1761\Documents\New project\IJRS_ADJUDICATED_SENSITIVITY_20260618\config\config_adjudicated_sensitivity_20260618.yaml;C:\Users\m1761\Documents\New project\IJRS_ADJUDICATED_SENSITIVITY_20260618\data\features_fold3_teacher_vhr_repair_20260613\B2.csv,42,OK,,B2,RandomForest,fold3_teacher_vhr_cell_88_2,524,1,0,0.0,0.0,1|2|3|4|5|6,1
20260618T154256Z,2669ca471fe766df3b3392c7d3416b47e081e412214a4c36dca25c8f8ce306a1,C:\Users\m1761\Documents\New project\IJRS_ADJUDICATED_SENSITIVITY_20260618\config\config_adjudicated_sensitivity_20260618.yaml;C:\Users\m1761\Documents\New project\IJRS_ADJUDICATED_SENSITIVITY_20260618\data\features_fold3_teacher_vhr_repair_20260613\B2.csv,42,OK,,B2,XGBoost,fold3_teacher_vhr_cell_88_2,524,1,0,0.0,0.0,1|2|3|4|5|6,1
20260618T154257Z,2669ca471fe766df3b3392c7d3416b47e081e412214a4c36dca25c8f8ce306a1,C:\Users\m1761\Documents\New project\IJRS_ADJUDICATED_SENSITIVITY_20260618\config\config_adjudicated_sensitivity_20260618.yaml;C:\Users\m1761\Documents\New project\IJRS_ADJUDICATED_SENSITIVITY_20260618\data\features_fold3_teacher_vhr_repair_20260613\B2.csv,42,OK,,B2,RandomForest,fold3_teacher_vhr_cell_88_3,524,1,0,0.0,0.0,1|2|3|4|5|6,4
20260618T154300Z,2669ca471fe766df3b3392c7d3416b47e081e412214a4c36dca25c8f8ce306a1,C:\Users\m1761\Documents\New project\IJRS_ADJUDICATED_SENSITIVITY_20260618\config\config_adjudicated_sensitivity_20260618.yaml;C:\Users\m1761\Documents\New project\IJRS_ADJUDICATED_SENSITIVITY_20260618\data\features_fold3_teacher_vhr_repair_20260613\B2.csv,42,OK,,B2,XGBoost,fold3_teacher_vhr_cell_88_3,524,1,0,0.0,0.0,1|2|3|4|5|6,4
20260618T154302Z,2669ca471fe766df3b3392c7d3416b47e081e412214a4c36dca25c8f8ce306a1,C:\Users\m1761\Documents\New project\IJRS_ADJUDICATED_SENSITIVITY_20260618\config\config_adjudicated_sensitivity_20260618.yaml;C:\Users\m1761\Documents\New project\IJRS_ADJUDICATED_SENSITIVITY_20260618\data\features_fold3_teacher_vhr_repair_20260613\B2.csv,42,OK,,B2,RandomForest,fold3_teacher_vhr_cell_88_4,524,1,0,1.0,1.0,1|2|3|4|5|6,5
20260618T154305Z,2669ca471fe766df3b3392c7d3416b47e081e412214a4c36dca25c8f8ce306a1,C:\Users\m1761\Documents\New project\IJRS_ADJUDICATED_SENSITIVITY_20260618\config\config_adjudicated_sensitivity_20260618.yaml;C:\Users\m1761\Documents\New project\IJRS_ADJUDICATED_SENSITIVITY_20260618\data\features_fold3_teacher_vhr_repair_20260613\B2.csv,42,OK,,B2,XGBoost,fold3_teacher_vhr_cell_88_4,524,1,0,1.0,1.0,1|2|3|4|5|6,5
20260618T154306Z,2669ca471fe766df3b3392c7d3416b47e081e412214a4c36dca25c8f8ce306a1,C:\Users\m1761\Documents\New project\IJRS_ADJUDICATED_SENSITIVITY_20260618\config\config_adjudicated_sensitivity_20260618.yaml;C:\Users\m1761\Documents\New project\IJRS_ADJUDICATED_SENSITIVITY_20260618\data\features_fold3_teacher_vhr_repair_20260613\B2.csv,42,OK,,B2,RandomForest,johor_negeri_pahang_rubber_belt,473,52,0,0.6538461538461539,0.40952380952380946,1|2|3|4|5|6,1|2|3|4|5|6
20260618T154309Z,2669ca471fe766df3b3392c7d3416b47e081e412214a4c36dca25c8f8ce306a1,C:\Users\m1761\Documents\New project\IJRS_ADJUDICATED_SENSITIVITY_20260618\config\config_adjudicated_sensitivity_20260618.yaml;C:\Users\m1761\Documents\New project\IJRS_ADJUDICATED_SENSITIVITY_20260618\data\features_fold3_teacher_vhr_repair_20260613\B2.csv,42,OK,,B2,XGBoost,johor_negeri_pahang_rubber_belt,473,52,0,0.6153846153846154,0.3875661375661375,1|2|3|4|5|6,1|2|3|4|5|6
20260618T154310Z,2669ca471fe766df3b3392c7d3416b47e081e412214a4c36dca25c8f8ce306a1,C:\Users\m1761\Documents\New project\IJRS_ADJUDICATED_SENSITIVITY_20260618\config\config_adjudicated_sensitivity_20260618.yaml;C:\Users\m1761\Documents\New project\IJRS_ADJUDICATED_SENSITIVITY_20260618\data\features_fold3_teacher_vhr_repair_20260613\B2.csv,42,OK,,B2,RandomForest,kedah_perlis_paddy_belt,400,125,0,0.8,0.5799538800362741,1|2|3|4|5|6,3|4|5|6
20260618T154313Z,2669ca471fe766df3b3392c7d3416b47e081e412214a4c36dca25c8f8ce306a1,C:\Users\m1761\Documents\New project\IJRS_ADJUDICATED_SENSITIVITY_20260618\config\config_adjudicated_sensitivity_20260618.yaml;C:\Users\m1761\Documents\New project\IJRS_ADJUDICATED_SENSITIVITY_20260618\data\features_fold3_teacher_vhr_repair_20260613\B2.csv,42,OK,,B2,XGBoost,kedah_perlis_paddy_belt,400,125,0,0.768,0.5506243435640098,1|2|3|4|5|6,3|4|5|6
20260618T154314Z,2669ca471fe766df3b3392c7d3416b47e081e412214a4c36dca25c8f8ce306a1,C:\Users\m1761\Documents\New project\IJRS_ADJUDICATED_SENSITIVITY_20260618\config\config_adjudicated_sensitivity_20260618.yaml;C:\Users\m1761\Documents\New project\IJRS_ADJUDICATED_SENSITIVITY_20260618\data\features_fold3_teacher_vhr_repair_20260613\B2.csv,42,OK,,B2,RandomForest,study_area,259,266,0,0.8233082706766918,0.7457799627956417,1|2|3|4|5|6,1|3|4|5|6
20260618T154317Z,2669ca471fe766df3b3392c7d3416b47e081e412214a4c36dca25c8f8ce306a1,C:\Users\m1761\Documents\New project\IJRS_ADJUDICATED_SENSITIVITY_20260618\config\config_adjudicated_sensitivity_20260618.yaml;C:\Users\m1761\Documents\New project\IJRS_ADJUDICATED_SENSITIVITY_20260618\data\features_fold3_teacher_vhr_repair_20260613\B2.csv,42,OK,,B2,XGBoost,study_area,259,266,0,0.8157894736842105,0.7116215064142069,1|2|3|4|5|6,1|3|4|5|6
20260618T154317Z,2669ca471fe766df3b3392c7d3416b47e081e412214a4c36dca25c8f8ce306a1,C:\Users\m1761\Documents\New project\IJRS_ADJUDICATED_SENSITIVITY_20260618\config\config_adjudicated_sensitivity_20260618.yaml;C:\Users\m1761\Documents\New project\IJRS_ADJUDICATED_SENSITIVITY_20260618\data\features_fold3_teacher_vhr_repair_20260613\B3.csv,42,OK,,B3,RandomForest,advisor_vhr_cell_39_1,507,18,0,0.6666666666666666,0.38888888888888884,1|2|3|4|5|6,1|3|4
20260618T154320Z,2669ca471fe766df3b3392c7d3416b47e081e412214a4c36dca25c8f8ce306a1,C:\Users\m1761\Documents\New project\IJRS_ADJUDICATED_SENSITIVITY_20260618\config\config_adjudicated_sensitivity_20260618.yaml;C:\Users\m1761\Documents\New project\IJRS_ADJUDICATED_SENSITIVITY_20260618\data\features_fold3_teacher_vhr_repair_20260613\B3.csv,42,OK,,B3,XGBoost,advisor_vhr_cell_39_1,507,18,0,0.6666666666666666,0.38888888888888884,1|2|3|4|5|6,1|3|4
20260618T154323Z,2669ca471fe766df3b3392c7d3416b47e081e412214a4c36dca25c8f8ce306a1,C:\Users\m1761\Documents\New project\IJRS_ADJUDICATED_SENSITIVITY_20260618\config\config_adjudicated_sensitivity_20260618.yaml;C:\Users\m1761\Documents\New project\IJRS_ADJUDICATED_SENSITIVITY_20260618\data\features_fold3_teacher_vhr_repair_20260613\B3.csv,42,OK,,B3,RandomForest,advisor_vhr_cell_39_2,485,40,0,0.7,0.5782051282051281,1|2|3|4|5|6,1|2|3|4|5|6
20260618T154326Z,2669ca471fe766df3b3392c7d3416b47e081e412214a4c36dca25c8f8ce306a1,C:\Users\m1761\Documents\New project\IJRS_ADJUDICATED_SENSITIVITY_20260618\config\config_adjudicated_sensitivity_20260618.yaml;C:\Users\m1761\Documents\New project\IJRS_ADJUDICATED_SENSITIVITY_20260618\data\features_fold3_teacher_vhr_repair_20260613\B3.csv,42,OK,,B3,XGBoost,advisor_vhr_cell_39_2,485,40,0,0.75,0.5909090909090909,1|2|3|4|5|6,1|2|3|4|5|6
20260618T154328Z,2669ca471fe766df3b3392c7d3416b47e081e412214a4c36dca25c8f8ce306a1,C:\Users\m1761\Documents\New project\IJRS_ADJUDICATED_SENSITIVITY_20260618\config\config_adjudicated_sensitivity_20260618.yaml;C:\Users\m1761\Documents\New project\IJRS_ADJUDICATED_SENSITIVITY_20260618\data\features_fold3_teacher_vhr_repair_20260613\B3.csv,42,OK,,B3,RandomForest,advisor_vhr_cell_40_2,504,21,0,0.6666666666666666,0.5234126984126984,1|2|3|4|5|6,1|2|3|4|5
20260618T154331Z,2669ca471fe766df3b3392c7d3416b47e081e412214a4c36dca25c8f8ce306a1,C:\Users\m1761\Documents\New project\IJRS_ADJUDICATED_SENSITIVITY_20260618\config\config_adjudicated_sensitivity_20260618.yaml;C:\Users\m1761\Documents\New project\IJRS_ADJUDICATED_SENSITIVITY_20260618\data\features_fold3_teacher_vhr_repair_20260613\B3.csv,42,OK,,B3,XGBoost,advisor_vhr_cell_40_2,504,21,0,0.7619047619047619,0.6908730158730159,1|2|3|4|5|6,1|2|3|4|5
20260618T154333Z,2669ca471fe766df3b3392c7d3416b47e081e412214a4c36dca25c8f8ce306a1,C:\Users\m1761\Documents\New project\IJRS_ADJUDICATED_SENSITIVITY_20260618\config\config_adjudicated_sensitivity_20260618.yaml;C:\Users\m1761\Documents\New project\IJRS_ADJUDICATED_SENSITIVITY_20260618\data\features_fold3_teacher_vhr_repair_20260613\B3.csv,42,OK,,B3,RandomForest,fold3_teacher_vhr_cell_88_2,524,1,0,0.0,0.0,1|2|3|4|5|6,1
20260618T154336Z,2669ca471fe766df3b3392c7d3416b47e081e412214a4c36dca25c8f8ce306a1,C:\Users\m1761\Documents\New project\IJRS_ADJUDICATED_SENSITIVITY_20260618\config\config_adjudicated_sensitivity_20260618.yaml;C:\Users\m1761\Documents\New project\IJRS_ADJUDICATED_SENSITIVITY_20260618\data\features_fold3_teacher_vhr_repair_20260613\B3.csv,42,OK,,B3,XGBoost,fold3_teacher_vhr_cell_88_2,524,1,0,0.0,0.0,1|2|3|4|5|6,1
20260618T154338Z,2669ca471fe766df3b3392c7d3416b47e081e412214a4c36dca25c8f8ce306a1,C:\Users\m1761\Documents\New project\IJRS_ADJUDICATED_SENSITIVITY_20260618\config\config_adjudicated_sensitivity_20260618.yaml;C:\Users\m1761\Documents\New project\IJRS_ADJUDICATED_SENSITIVITY_20260618\data\features_fold3_teacher_vhr_repair_20260613\B3.csv,42,OK,,B3,RandomForest,fold3_teacher_vhr_cell_88_3,524,1,0,0.0,0.0,1|2|3|4|5|6,4
20260618T154341Z,2669ca471fe766df3b3392c7d3416b47e081e412214a4c36dca25c8f8ce306a1,C:\Users\m1761\Documents\New project\IJRS_ADJUDICATED_SENSITIVITY_20260618\config\config_adjudicated_sensitivity_20260618.yaml;C:\Users\m1761\Documents\New project\IJRS_ADJUDICATED_SENSITIVITY_20260618\data\features_fold3_teacher_vhr_repair_20260613\B3.csv,42,OK,,B3,XGBoost,fold3_teacher_vhr_cell_88_3,524,1,0,0.0,0.0,1|2|3|4|5|6,4
20260618T154344Z,2669ca471fe766df3b3392c7d3416b47e081e412214a4c36dca25c8f8ce306a1,C:\Users\m1761\Documents\New project\IJRS_ADJUDICATED_SENSITIVITY_20260618\config\config_adjudicated_sensitivity_20260618.yaml;C:\Users\m1761\Documents\New project\IJRS_ADJUDICATED_SENSITIVITY_20260618\data\features_fold3_teacher_vhr_repair_20260613\B3.csv,42,OK,,B3,RandomForest,fold3_teacher_vhr_cell_88_4,524,1,0,1.0,1.0,1|2|3|4|5|6,5
20260618T154347Z,2669ca471fe766df3b3392c7d3416b47e081e412214a4c36dca25c8f8ce306a1,C:\Users\m1761\Documents\New project\IJRS_ADJUDICATED_SENSITIVITY_20260618\config\config_adjudicated_sensitivity_20260618.yaml;C:\Users\m1761\Documents\New project\IJRS_ADJUDICATED_SENSITIVITY_20260618\data\features_fold3_teacher_vhr_repair_20260613\B3.csv,42,OK,,B3,XGBoost,fold3_teacher_vhr_cell_88_4,524,1,0,1.0,1.0,1|2|3|4|5|6,5
20260618T154349Z,2669ca471fe766df3b3392c7d3416b47e081e412214a4c36dca25c8f8ce306a1,C:\Users\m1761\Documents\New project\IJRS_ADJUDICATED_SENSITIVITY_20260618\config\config_adjudicated_sensitivity_20260618.yaml;C:\Users\m1761\Documents\New project\IJRS_ADJUDICATED_SENSITIVITY_20260618\data\features_fold3_teacher_vhr_repair_20260613\B3.csv,42,OK,,B3,RandomForest,johor_negeri_pahang_rubber_belt,473,52,0,0.7115384615384616,0.4837331127653708,1|2|3|4|5|6,1|2|3|4|5|6
20260618T154352Z,2669ca471fe766df3b3392c7d3416b47e081e412214a4c36dca25c8f8ce306a1,C:\Users\m1761\Documents\New project\IJRS_ADJUDICATED_SENSITIVITY_20260618\config\config_adjudicated_sensitivity_20260618.yaml;C:\Users\m1761\Documents\New project\IJRS_ADJUDICATED_SENSITIVITY_20260618\data\features_fold3_teacher_vhr_repair_20260613\B3.csv,42,OK,,B3,XGBoost,johor_negeri_pahang_rubber_belt,473,52,0,0.6346153846153846,0.41486470518728585,1|2|3|4|5|6,1|2|3|4|5|6
20260618T154355Z,2669ca471fe766df3b3392c7d3416b47e081e412214a4c36dca25c8f8ce306a1,C:\Users\m1761\Documents\New project\IJRS_ADJUDICATED_SENSITIVITY_20260618\config\config_adjudicated_sensitivity_20260618.yaml;C:\Users\m1761\Documents\New project\IJRS_ADJUDICATED_SENSITIVITY_20260618\data\features_fold3_teacher_vhr_repair_20260613\B3.csv,42,OK,,B3,RandomForest,kedah_perlis_paddy_belt,400,125,0,0.8,0.5749819376026273,1|2|3|4|5|6,3|4|5|6
20260618T154357Z,2669ca471fe766df3b3392c7d3416b47e081e412214a4c36dca25c8f8ce306a1,C:\Users\m1761\Documents\New project\IJRS_ADJUDICATED_SENSITIVITY_20260618\config\config_adjudicated_sensitivity_20260618.yaml;C:\Users\m1761\Documents\New project\IJRS_ADJUDICATED_SENSITIVITY_20260618\data\features_fold3_teacher_vhr_repair_20260613\B3.csv,42,OK,,B3,XGBoost,kedah_perlis_paddy_belt,400,125,0,0.776,0.5559175869575362,1|2|3|4|5|6,3|4|5|6
20260618T154359Z,2669ca471fe766df3b3392c7d3416b47e081e412214a4c36dca25c8f8ce306a1,C:\Users\m1761\Documents\New project\IJRS_ADJUDICATED_SENSITIVITY_20260618\config\config_adjudicated_sensitivity_20260618.yaml;C:\Users\m1761\Documents\New project\IJRS_ADJUDICATED_SENSITIVITY_20260618\data\features_fold3_teacher_vhr_repair_20260613\B3.csv,42,OK,,B3,RandomForest,study_area,259,266,0,0.8157894736842105,0.7354670695568208,1|2|3|4|5|6,1|3|4|5|6
20260618T154402Z,2669ca471fe766df3b3392c7d3416b47e081e412214a4c36dca25c8f8ce306a1,C:\Users\m1761\Documents\New project\IJRS_ADJUDICATED_SENSITIVITY_20260618\config\config_adjudicated_sensitivity_20260618.yaml;C:\Users\m1761\Documents\New project\IJRS_ADJUDICATED_SENSITIVITY_20260618\data\features_fold3_teacher_vhr_repair_20260613\B3.csv,42,OK,,B3,XGBoost,study_area,259,266,0,0.8270676691729323,0.7196078137061033,1|2|3|4|5|6,1|3|4|5|6
