timestamp_utc,config_hash,input_files,input_sha256,random_seed,status,reason,stack,model,split,true_class_code,true_class_name,predicted_class_code,predicted_class_name,count
20260613T130008Z,13c231aedc6c4af000cc8e3d111c543a4f647b4d8bedc4a01eb286ff8f65d8e5,config_fold3_teacher_vhr_repair_20260613.yaml;results/active_q25_rerun/predictions_by_fold.csv,13c231aedc6c4af000cc8e3d111c543a4f647b4d8bedc4a01eb286ff8f65d8e5;0a44ac3f7e8eff06ce5999df8ba8f9c7c389d29a802b57e49aaf34d16e264dfd,42,OK,,B2,RandomForest,random,1,oil_palm,1,oil_palm,99
20260613T130008Z,13c231aedc6c4af000cc8e3d111c543a4f647b4d8bedc4a01eb286ff8f65d8e5,config_fold3_teacher_vhr_repair_20260613.yaml;results/active_q25_rerun/predictions_by_fold.csv,13c231aedc6c4af000cc8e3d111c543a4f647b4d8bedc4a01eb286ff8f65d8e5;0a44ac3f7e8eff06ce5999df8ba8f9c7c389d29a802b57e49aaf34d16e264dfd,42,OK,,B2,RandomForest,random,1,oil_palm,2,rubber,4
20260613T130008Z,13c231aedc6c4af000cc8e3d111c543a4f647b4d8bedc4a01eb286ff8f65d8e5,config_fold3_teacher_vhr_repair_20260613.yaml;results/active_q25_rerun/predictions_by_fold.csv,13c231aedc6c4af000cc8e3d111c543a4f647b4d8bedc4a01eb286ff8f65d8e5;0a44ac3f7e8eff06ce5999df8ba8f9c7c389d29a802b57e49aaf34d16e264dfd,42,OK,,B2,RandomForest,random,1,oil_palm,3,paddy,1
20260613T130008Z,13c231aedc6c4af000cc8e3d111c543a4f647b4d8bedc4a01eb286ff8f65d8e5,config_fold3_teacher_vhr_repair_20260613.yaml;results/active_q25_rerun/predictions_by_fold.csv,13c231aedc6c4af000cc8e3d111c543a4f647b4d8bedc4a01eb286ff8f65d8e5;0a44ac3f7e8eff06ce5999df8ba8f9c7c389d29a802b57e49aaf34d16e264dfd,42,OK,,B2,RandomForest,random,1,oil_palm,4,other_agri,5
20260613T130008Z,13c231aedc6c4af000cc8e3d111c543a4f647b4d8bedc4a01eb286ff8f65d8e5,config_fold3_teacher_vhr_repair_20260613.yaml;results/active_q25_rerun/predictions_by_fold.csv,13c231aedc6c4af000cc8e3d111c543a4f647b4d8bedc4a01eb286ff8f65d8e5;0a44ac3f7e8eff06ce5999df8ba8f9c7c389d29a802b57e49aaf34d16e264dfd,42,OK,,B2,RandomForest,random,1,oil_palm,5,forest,0
20260613T130008Z,13c231aedc6c4af000cc8e3d111c543a4f647b4d8bedc4a01eb286ff8f65d8e5,config_fold3_teacher_vhr_repair_20260613.yaml;results/active_q25_rerun/predictions_by_fold.csv,13c231aedc6c4af000cc8e3d111c543a4f647b4d8bedc4a01eb286ff8f65d8e5;0a44ac3f7e8eff06ce5999df8ba8f9c7c389d29a802b57e49aaf34d16e264dfd,42,OK,,B2,RandomForest,random,1,oil_palm,6,builtup_other,0
20260613T130008Z,13c231aedc6c4af000cc8e3d111c543a4f647b4d8bedc4a01eb286ff8f65d8e5,config_fold3_teacher_vhr_repair_20260613.yaml;results/active_q25_rerun/predictions_by_fold.csv,13c231aedc6c4af000cc8e3d111c543a4f647b4d8bedc4a01eb286ff8f65d8e5;0a44ac3f7e8eff06ce5999df8ba8f9c7c389d29a802b57e49aaf34d16e264dfd,42,OK,,B2,RandomForest,random,2,rubber,1,oil_palm,2
20260613T130008Z,13c231aedc6c4af000cc8e3d111c543a4f647b4d8bedc4a01eb286ff8f65d8e5,config_fold3_teacher_vhr_repair_20260613.yaml;results/active_q25_rerun/predictions_by_fold.csv,13c231aedc6c4af000cc8e3d111c543a4f647b4d8bedc4a01eb286ff8f65d8e5;0a44ac3f7e8eff06ce5999df8ba8f9c7c389d29a802b57e49aaf34d16e264dfd,42,OK,,B2,RandomForest,random,2,rubber,2,rubber,71
20260613T130008Z,13c231aedc6c4af000cc8e3d111c543a4f647b4d8bedc4a01eb286ff8f65d8e5,config_fold3_teacher_vhr_repair_20260613.yaml;results/active_q25_rerun/predictions_by_fold.csv,13c231aedc6c4af000cc8e3d111c543a4f647b4d8bedc4a01eb286ff8f65d8e5;0a44ac3f7e8eff06ce5999df8ba8f9c7c389d29a802b57e49aaf34d16e264dfd,42,OK,,B2,RandomForest,random,2,rubber,3,paddy,1
20260613T130008Z,13c231aedc6c4af000cc8e3d111c543a4f647b4d8bedc4a01eb286ff8f65d8e5,config_fold3_teacher_vhr_repair_20260613.yaml;results/active_q25_rerun/predictions_by_fold.csv,13c231aedc6c4af000cc8e3d111c543a4f647b4d8bedc4a01eb286ff8f65d8e5;0a44ac3f7e8eff06ce5999df8ba8f9c7c389d29a802b57e49aaf34d16e264dfd,42,OK,,B2,RandomForest,random,2,rubber,4,other_agri,4
20260613T130008Z,13c231aedc6c4af000cc8e3d111c543a4f647b4d8bedc4a01eb286ff8f65d8e5,config_fold3_teacher_vhr_repair_20260613.yaml;results/active_q25_rerun/predictions_by_fold.csv,13c231aedc6c4af000cc8e3d111c543a4f647b4d8bedc4a01eb286ff8f65d8e5;0a44ac3f7e8eff06ce5999df8ba8f9c7c389d29a802b57e49aaf34d16e264dfd,42,OK,,B2,RandomForest,random,2,rubber,5,forest,23
20260613T130008Z,13c231aedc6c4af000cc8e3d111c543a4f647b4d8bedc4a01eb286ff8f65d8e5,config_fold3_teacher_vhr_repair_20260613.yaml;results/active_q25_rerun/predictions_by_fold.csv,13c231aedc6c4af000cc8e3d111c543a4f647b4d8bedc4a01eb286ff8f65d8e5;0a44ac3f7e8eff06ce5999df8ba8f9c7c389d29a802b57e49aaf34d16e264dfd,42,OK,,B2,RandomForest,random,2,rubber,6,builtup_other,4
20260613T130008Z,13c231aedc6c4af000cc8e3d111c543a4f647b4d8bedc4a01eb286ff8f65d8e5,config_fold3_teacher_vhr_repair_20260613.yaml;results/active_q25_rerun/predictions_by_fold.csv,13c231aedc6c4af000cc8e3d111c543a4f647b4d8bedc4a01eb286ff8f65d8e5;0a44ac3f7e8eff06ce5999df8ba8f9c7c389d29a802b57e49aaf34d16e264dfd,42,OK,,B2,RandomForest,random,3,paddy,1,oil_palm,13
20260613T130008Z,13c231aedc6c4af000cc8e3d111c543a4f647b4d8bedc4a01eb286ff8f65d8e5,config_fold3_teacher_vhr_repair_20260613.yaml;results/active_q25_rerun/predictions_by_fold.csv,13c231aedc6c4af000cc8e3d111c543a4f647b4d8bedc4a01eb286ff8f65d8e5;0a44ac3f7e8eff06ce5999df8ba8f9c7c389d29a802b57e49aaf34d16e264dfd,42,OK,,B2,RandomForest,random,3,paddy,2,rubber,3
20260613T130008Z,13c231aedc6c4af000cc8e3d111c543a4f647b4d8bedc4a01eb286ff8f65d8e5,config_fold3_teacher_vhr_repair_20260613.yaml;results/active_q25_rerun/predictions_by_fold.csv,13c231aedc6c4af000cc8e3d111c543a4f647b4d8bedc4a01eb286ff8f65d8e5;0a44ac3f7e8eff06ce5999df8ba8f9c7c389d29a802b57e49aaf34d16e264dfd,42,OK,,B2,RandomForest,random,3,paddy,3,paddy,51
20260613T130008Z,13c231aedc6c4af000cc8e3d111c543a4f647b4d8bedc4a01eb286ff8f65d8e5,config_fold3_teacher_vhr_repair_20260613.yaml;results/active_q25_rerun/predictions_by_fold.csv,13c231aedc6c4af000cc8e3d111c543a4f647b4d8bedc4a01eb286ff8f65d8e5;0a44ac3f7e8eff06ce5999df8ba8f9c7c389d29a802b57e49aaf34d16e264dfd,42,OK,,B2,RandomForest,random,3,paddy,4,other_agri,30
20260613T130008Z,13c231aedc6c4af000cc8e3d111c543a4f647b4d8bedc4a01eb286ff8f65d8e5,config_fold3_teacher_vhr_repair_20260613.yaml;results/active_q25_rerun/predictions_by_fold.csv,13c231aedc6c4af000cc8e3d111c543a4f647b4d8bedc4a01eb286ff8f65d8e5;0a44ac3f7e8eff06ce5999df8ba8f9c7c389d29a802b57e49aaf34d16e264dfd,42,OK,,B2,RandomForest,random,3,paddy,5,forest,5
20260613T130008Z,13c231aedc6c4af000cc8e3d111c543a4f647b4d8bedc4a01eb286ff8f65d8e5,config_fold3_teacher_vhr_repair_20260613.yaml;results/active_q25_rerun/predictions_by_fold.csv,13c231aedc6c4af000cc8e3d111c543a4f647b4d8bedc4a01eb286ff8f65d8e5;0a44ac3f7e8eff06ce5999df8ba8f9c7c389d29a802b57e49aaf34d16e264dfd,42,OK,,B2,RandomForest,random,3,paddy,6,builtup_other,3
20260613T130008Z,13c231aedc6c4af000cc8e3d111c543a4f647b4d8bedc4a01eb286ff8f65d8e5,config_fold3_teacher_vhr_repair_20260613.yaml;results/active_q25_rerun/predictions_by_fold.csv,13c231aedc6c4af000cc8e3d111c543a4f647b4d8bedc4a01eb286ff8f65d8e5;0a44ac3f7e8eff06ce5999df8ba8f9c7c389d29a802b57e49aaf34d16e264dfd,42,OK,,B2,RandomForest,random,4,other_agri,1,oil_palm,3
20260613T130008Z,13c231aedc6c4af000cc8e3d111c543a4f647b4d8bedc4a01eb286ff8f65d8e5,config_fold3_teacher_vhr_repair_20260613.yaml;results/active_q25_rerun/predictions_by_fold.csv,13c231aedc6c4af000cc8e3d111c543a4f647b4d8bedc4a01eb286ff8f65d8e5;0a44ac3f7e8eff06ce5999df8ba8f9c7c389d29a802b57e49aaf34d16e264dfd,42,OK,,B2,RandomForest,random,4,other_agri,2,rubber,0
20260613T130008Z,13c231aedc6c4af000cc8e3d111c543a4f647b4d8bedc4a01eb286ff8f65d8e5,config_fold3_teacher_vhr_repair_20260613.yaml;results/active_q25_rerun/predictions_by_fold.csv,13c231aedc6c4af000cc8e3d111c543a4f647b4d8bedc4a01eb286ff8f65d8e5;0a44ac3f7e8eff06ce5999df8ba8f9c7c389d29a802b57e49aaf34d16e264dfd,42,OK,,B2,RandomForest,random,4,other_agri,3,paddy,24
20260613T130008Z,13c231aedc6c4af000cc8e3d111c543a4f647b4d8bedc4a01eb286ff8f65d8e5,config_fold3_teacher_vhr_repair_20260613.yaml;results/active_q25_rerun/predictions_by_fold.csv,13c231aedc6c4af000cc8e3d111c543a4f647b4d8bedc4a01eb286ff8f65d8e5;0a44ac3f7e8eff06ce5999df8ba8f9c7c389d29a802b57e49aaf34d16e264dfd,42,OK,,B2,RandomForest,random,4,other_agri,4,other_agri,57
20260613T130008Z,13c231aedc6c4af000cc8e3d111c543a4f647b4d8bedc4a01eb286ff8f65d8e5,config_fold3_teacher_vhr_repair_20260613.yaml;results/active_q25_rerun/predictions_by_fold.csv,13c231aedc6c4af000cc8e3d111c543a4f647b4d8bedc4a01eb286ff8f65d8e5;0a44ac3f7e8eff06ce5999df8ba8f9c7c389d29a802b57e49aaf34d16e264dfd,42,OK,,B2,RandomForest,random,4,other_agri,5,forest,1
20260613T130008Z,13c231aedc6c4af000cc8e3d111c543a4f647b4d8bedc4a01eb286ff8f65d8e5,config_fold3_teacher_vhr_repair_20260613.yaml;results/active_q25_rerun/predictions_by_fold.csv,13c231aedc6c4af000cc8e3d111c543a4f647b4d8bedc4a01eb286ff8f65d8e5;0a44ac3f7e8eff06ce5999df8ba8f9c7c389d29a802b57e49aaf34d16e264dfd,42,OK,,B2,RandomForest,random,4,other_agri,6,builtup_other,4
20260613T130008Z,13c231aedc6c4af000cc8e3d111c543a4f647b4d8bedc4a01eb286ff8f65d8e5,config_fold3_teacher_vhr_repair_20260613.yaml;results/active_q25_rerun/predictions_by_fold.csv,13c231aedc6c4af000cc8e3d111c543a4f647b4d8bedc4a01eb286ff8f65d8e5;0a44ac3f7e8eff06ce5999df8ba8f9c7c389d29a802b57e49aaf34d16e264dfd,42,OK,,B2,RandomForest,random,5,forest,1,oil_palm,5
20260613T130008Z,13c231aedc6c4af000cc8e3d111c543a4f647b4d8bedc4a01eb286ff8f65d8e5,config_fold3_teacher_vhr_repair_20260613.yaml;results/active_q25_rerun/predictions_by_fold.csv,13c231aedc6c4af000cc8e3d111c543a4f647b4d8bedc4a01eb286ff8f65d8e5;0a44ac3f7e8eff06ce5999df8ba8f9c7c389d29a802b57e49aaf34d16e264dfd,42,OK,,B2,RandomForest,random,5,forest,2,rubber,15
20260613T130008Z,13c231aedc6c4af000cc8e3d111c543a4f647b4d8bedc4a01eb286ff8f65d8e5,config_fold3_teacher_vhr_repair_20260613.yaml;results/active_q25_rerun/predictions_by_fold.csv,13c231aedc6c4af000cc8e3d111c543a4f647b4d8bedc4a01eb286ff8f65d8e5;0a44ac3f7e8eff06ce5999df8ba8f9c7c389d29a802b57e49aaf34d16e264dfd,42,OK,,B2,RandomForest,random,5,forest,3,paddy,1
20260613T130008Z,13c231aedc6c4af000cc8e3d111c543a4f647b4d8bedc4a01eb286ff8f65d8e5,config_fold3_teacher_vhr_repair_20260613.yaml;results/active_q25_rerun/predictions_by_fold.csv,13c231aedc6c4af000cc8e3d111c543a4f647b4d8bedc4a01eb286ff8f65d8e5;0a44ac3f7e8eff06ce5999df8ba8f9c7c389d29a802b57e49aaf34d16e264dfd,42,OK,,B2,RandomForest,random,5,forest,4,other_agri,4
20260613T130008Z,13c231aedc6c4af000cc8e3d111c543a4f647b4d8bedc4a01eb286ff8f65d8e5,config_fold3_teacher_vhr_repair_20260613.yaml;results/active_q25_rerun/predictions_by_fold.csv,13c231aedc6c4af000cc8e3d111c543a4f647b4d8bedc4a01eb286ff8f65d8e5;0a44ac3f7e8eff06ce5999df8ba8f9c7c389d29a802b57e49aaf34d16e264dfd,42,OK,,B2,RandomForest,random,5,forest,5,forest,104
20260613T130008Z,13c231aedc6c4af000cc8e3d111c543a4f647b4d8bedc4a01eb286ff8f65d8e5,config_fold3_teacher_vhr_repair_20260613.yaml;results/active_q25_rerun/predictions_by_fold.csv,13c231aedc6c4af000cc8e3d111c543a4f647b4d8bedc4a01eb286ff8f65d8e5;0a44ac3f7e8eff06ce5999df8ba8f9c7c389d29a802b57e49aaf34d16e264dfd,42,OK,,B2,RandomForest,random,5,forest,6,builtup_other,0
20260613T130008Z,13c231aedc6c4af000cc8e3d111c543a4f647b4d8bedc4a01eb286ff8f65d8e5,config_fold3_teacher_vhr_repair_20260613.yaml;results/active_q25_rerun/predictions_by_fold.csv,13c231aedc6c4af000cc8e3d111c543a4f647b4d8bedc4a01eb286ff8f65d8e5;0a44ac3f7e8eff06ce5999df8ba8f9c7c389d29a802b57e49aaf34d16e264dfd,42,OK,,B2,RandomForest,random,6,builtup_other,1,oil_palm,0
20260613T130008Z,13c231aedc6c4af000cc8e3d111c543a4f647b4d8bedc4a01eb286ff8f65d8e5,config_fold3_teacher_vhr_repair_20260613.yaml;results/active_q25_rerun/predictions_by_fold.csv,13c231aedc6c4af000cc8e3d111c543a4f647b4d8bedc4a01eb286ff8f65d8e5;0a44ac3f7e8eff06ce5999df8ba8f9c7c389d29a802b57e49aaf34d16e264dfd,42,OK,,B2,RandomForest,random,6,builtup_other,2,rubber,3
20260613T130008Z,13c231aedc6c4af000cc8e3d111c543a4f647b4d8bedc4a01eb286ff8f65d8e5,config_fold3_teacher_vhr_repair_20260613.yaml;results/active_q25_rerun/predictions_by_fold.csv,13c231aedc6c4af000cc8e3d111c543a4f647b4d8bedc4a01eb286ff8f65d8e5;0a44ac3f7e8eff06ce5999df8ba8f9c7c389d29a802b57e49aaf34d16e264dfd,42,OK,,B2,RandomForest,random,6,builtup_other,3,paddy,2
20260613T130008Z,13c231aedc6c4af000cc8e3d111c543a4f647b4d8bedc4a01eb286ff8f65d8e5,config_fold3_teacher_vhr_repair_20260613.yaml;results/active_q25_rerun/predictions_by_fold.csv,13c231aedc6c4af000cc8e3d111c543a4f647b4d8bedc4a01eb286ff8f65d8e5;0a44ac3f7e8eff06ce5999df8ba8f9c7c389d29a802b57e49aaf34d16e264dfd,42,OK,,B2,RandomForest,random,6,builtup_other,4,other_agri,5
20260613T130008Z,13c231aedc6c4af000cc8e3d111c543a4f647b4d8bedc4a01eb286ff8f65d8e5,config_fold3_teacher_vhr_repair_20260613.yaml;results/active_q25_rerun/predictions_by_fold.csv,13c231aedc6c4af000cc8e3d111c543a4f647b4d8bedc4a01eb286ff8f65d8e5;0a44ac3f7e8eff06ce5999df8ba8f9c7c389d29a802b57e49aaf34d16e264dfd,42,OK,,B2,RandomForest,random,6,builtup_other,5,forest,0
20260613T130008Z,13c231aedc6c4af000cc8e3d111c543a4f647b4d8bedc4a01eb286ff8f65d8e5,config_fold3_teacher_vhr_repair_20260613.yaml;results/active_q25_rerun/predictions_by_fold.csv,13c231aedc6c4af000cc8e3d111c543a4f647b4d8bedc4a01eb286ff8f65d8e5;0a44ac3f7e8eff06ce5999df8ba8f9c7c389d29a802b57e49aaf34d16e264dfd,42,OK,,B2,RandomForest,random,6,builtup_other,6,builtup_other,75
20260613T130008Z,13c231aedc6c4af000cc8e3d111c543a4f647b4d8bedc4a01eb286ff8f65d8e5,config_fold3_teacher_vhr_repair_20260613.yaml;results/active_q25_rerun/predictions_by_fold.csv,13c231aedc6c4af000cc8e3d111c543a4f647b4d8bedc4a01eb286ff8f65d8e5;0a44ac3f7e8eff06ce5999df8ba8f9c7c389d29a802b57e49aaf34d16e264dfd,42,OK,,B2,RandomForest,spatial,1,oil_palm,1,oil_palm,100
20260613T130008Z,13c231aedc6c4af000cc8e3d111c543a4f647b4d8bedc4a01eb286ff8f65d8e5,config_fold3_teacher_vhr_repair_20260613.yaml;results/active_q25_rerun/predictions_by_fold.csv,13c231aedc6c4af000cc8e3d111c543a4f647b4d8bedc4a01eb286ff8f65d8e5;0a44ac3f7e8eff06ce5999df8ba8f9c7c389d29a802b57e49aaf34d16e264dfd,42,OK,,B2,RandomForest,spatial,1,oil_palm,2,rubber,1
20260613T130008Z,13c231aedc6c4af000cc8e3d111c543a4f647b4d8bedc4a01eb286ff8f65d8e5,config_fold3_teacher_vhr_repair_20260613.yaml;results/active_q25_rerun/predictions_by_fold.csv,13c231aedc6c4af000cc8e3d111c543a4f647b4d8bedc4a01eb286ff8f65d8e5;0a44ac3f7e8eff06ce5999df8ba8f9c7c389d29a802b57e49aaf34d16e264dfd,42,OK,,B2,RandomForest,spatial,1,oil_palm,3,paddy,4
20260613T130008Z,13c231aedc6c4af000cc8e3d111c543a4f647b4d8bedc4a01eb286ff8f65d8e5,config_fold3_teacher_vhr_repair_20260613.yaml;results/active_q25_rerun/predictions_by_fold.csv,13c231aedc6c4af000cc8e3d111c543a4f647b4d8bedc4a01eb286ff8f65d8e5;0a44ac3f7e8eff06ce5999df8ba8f9c7c389d29a802b57e49aaf34d16e264dfd,42,OK,,B2,RandomForest,spatial,1,oil_palm,4,other_agri,2
20260613T130008Z,13c231aedc6c4af000cc8e3d111c543a4f647b4d8bedc4a01eb286ff8f65d8e5,config_fold3_teacher_vhr_repair_20260613.yaml;results/active_q25_rerun/predictions_by_fold.csv,13c231aedc6c4af000cc8e3d111c543a4f647b4d8bedc4a01eb286ff8f65d8e5;0a44ac3f7e8eff06ce5999df8ba8f9c7c389d29a802b57e49aaf34d16e264dfd,42,OK,,B2,RandomForest,spatial,1,oil_palm,5,forest,1
20260613T130008Z,13c231aedc6c4af000cc8e3d111c543a4f647b4d8bedc4a01eb286ff8f65d8e5,config_fold3_teacher_vhr_repair_20260613.yaml;results/active_q25_rerun/predictions_by_fold.csv,13c231aedc6c4af000cc8e3d111c543a4f647b4d8bedc4a01eb286ff8f65d8e5;0a44ac3f7e8eff06ce5999df8ba8f9c7c389d29a802b57e49aaf34d16e264dfd,42,OK,,B2,RandomForest,spatial,1,oil_palm,6,builtup_other,1
20260613T130008Z,13c231aedc6c4af000cc8e3d111c543a4f647b4d8bedc4a01eb286ff8f65d8e5,config_fold3_teacher_vhr_repair_20260613.yaml;results/active_q25_rerun/predictions_by_fold.csv,13c231aedc6c4af000cc8e3d111c543a4f647b4d8bedc4a01eb286ff8f65d8e5;0a44ac3f7e8eff06ce5999df8ba8f9c7c389d29a802b57e49aaf34d16e264dfd,42,OK,,B2,RandomForest,spatial,2,rubber,1,oil_palm,13
20260613T130008Z,13c231aedc6c4af000cc8e3d111c543a4f647b4d8bedc4a01eb286ff8f65d8e5,config_fold3_teacher_vhr_repair_20260613.yaml;results/active_q25_rerun/predictions_by_fold.csv,13c231aedc6c4af000cc8e3d111c543a4f647b4d8bedc4a01eb286ff8f65d8e5;0a44ac3f7e8eff06ce5999df8ba8f9c7c389d29a802b57e49aaf34d16e264dfd,42,OK,,B2,RandomForest,spatial,2,rubber,2,rubber,34
20260613T130008Z,13c231aedc6c4af000cc8e3d111c543a4f647b4d8bedc4a01eb286ff8f65d8e5,config_fold3_teacher_vhr_repair_20260613.yaml;results/active_q25_rerun/predictions_by_fold.csv,13c231aedc6c4af000cc8e3d111c543a4f647b4d8bedc4a01eb286ff8f65d8e5;0a44ac3f7e8eff06ce5999df8ba8f9c7c389d29a802b57e49aaf34d16e264dfd,42,OK,,B2,RandomForest,spatial,2,rubber,3,paddy,6
20260613T130008Z,13c231aedc6c4af000cc8e3d111c543a4f647b4d8bedc4a01eb286ff8f65d8e5,config_fold3_teacher_vhr_repair_20260613.yaml;results/active_q25_rerun/predictions_by_fold.csv,13c231aedc6c4af000cc8e3d111c543a4f647b4d8bedc4a01eb286ff8f65d8e5;0a44ac3f7e8eff06ce5999df8ba8f9c7c389d29a802b57e49aaf34d16e264dfd,42,OK,,B2,RandomForest,spatial,2,rubber,4,other_agri,6
20260613T130008Z,13c231aedc6c4af000cc8e3d111c543a4f647b4d8bedc4a01eb286ff8f65d8e5,config_fold3_teacher_vhr_repair_20260613.yaml;results/active_q25_rerun/predictions_by_fold.csv,13c231aedc6c4af000cc8e3d111c543a4f647b4d8bedc4a01eb286ff8f65d8e5;0a44ac3f7e8eff06ce5999df8ba8f9c7c389d29a802b57e49aaf34d16e264dfd,42,OK,,B2,RandomForest,spatial,2,rubber,5,forest,42
20260613T130008Z,13c231aedc6c4af000cc8e3d111c543a4f647b4d8bedc4a01eb286ff8f65d8e5,config_fold3_teacher_vhr_repair_20260613.yaml;results/active_q25_rerun/predictions_by_fold.csv,13c231aedc6c4af000cc8e3d111c543a4f647b4d8bedc4a01eb286ff8f65d8e5;0a44ac3f7e8eff06ce5999df8ba8f9c7c389d29a802b57e49aaf34d16e264dfd,42,OK,,B2,RandomForest,spatial,2,rubber,6,builtup_other,4
20260613T130008Z,13c231aedc6c4af000cc8e3d111c543a4f647b4d8bedc4a01eb286ff8f65d8e5,config_fold3_teacher_vhr_repair_20260613.yaml;results/active_q25_rerun/predictions_by_fold.csv,13c231aedc6c4af000cc8e3d111c543a4f647b4d8bedc4a01eb286ff8f65d8e5;0a44ac3f7e8eff06ce5999df8ba8f9c7c389d29a802b57e49aaf34d16e264dfd,42,OK,,B2,RandomForest,spatial,3,paddy,1,oil_palm,16
20260613T130008Z,13c231aedc6c4af000cc8e3d111c543a4f647b4d8bedc4a01eb286ff8f65d8e5,config_fold3_teacher_vhr_repair_20260613.yaml;results/active_q25_rerun/predictions_by_fold.csv,13c231aedc6c4af000cc8e3d111c543a4f647b4d8bedc4a01eb286ff8f65d8e5;0a44ac3f7e8eff06ce5999df8ba8f9c7c389d29a802b57e49aaf34d16e264dfd,42,OK,,B2,RandomForest,spatial,3,paddy,2,rubber,4
20260613T130008Z,13c231aedc6c4af000cc8e3d111c543a4f647b4d8bedc4a01eb286ff8f65d8e5,config_fold3_teacher_vhr_repair_20260613.yaml;results/active_q25_rerun/predictions_by_fold.csv,13c231aedc6c4af000cc8e3d111c543a4f647b4d8bedc4a01eb286ff8f65d8e5;0a44ac3f7e8eff06ce5999df8ba8f9c7c389d29a802b57e49aaf34d16e264dfd,42,OK,,B2,RandomForest,spatial,3,paddy,3,paddy,11
20260613T130008Z,13c231aedc6c4af000cc8e3d111c543a4f647b4d8bedc4a01eb286ff8f65d8e5,config_fold3_teacher_vhr_repair_20260613.yaml;results/active_q25_rerun/predictions_by_fold.csv,13c231aedc6c4af000cc8e3d111c543a4f647b4d8bedc4a01eb286ff8f65d8e5;0a44ac3f7e8eff06ce5999df8ba8f9c7c389d29a802b57e49aaf34d16e264dfd,42,OK,,B2,RandomForest,spatial,3,paddy,4,other_agri,73
20260613T130008Z,13c231aedc6c4af000cc8e3d111c543a4f647b4d8bedc4a01eb286ff8f65d8e5,config_fold3_teacher_vhr_repair_20260613.yaml;results/active_q25_rerun/predictions_by_fold.csv,13c231aedc6c4af000cc8e3d111c543a4f647b4d8bedc4a01eb286ff8f65d8e5;0a44ac3f7e8eff06ce5999df8ba8f9c7c389d29a802b57e49aaf34d16e264dfd,42,OK,,B2,RandomForest,spatial,3,paddy,5,forest,0
20260613T130008Z,13c231aedc6c4af000cc8e3d111c543a4f647b4d8bedc4a01eb286ff8f65d8e5,config_fold3_teacher_vhr_repair_20260613.yaml;results/active_q25_rerun/predictions_by_fold.csv,13c231aedc6c4af000cc8e3d111c543a4f647b4d8bedc4a01eb286ff8f65d8e5;0a44ac3f7e8eff06ce5999df8ba8f9c7c389d29a802b57e49aaf34d16e264dfd,42,OK,,B2,RandomForest,spatial,3,paddy,6,builtup_other,1
20260613T130008Z,13c231aedc6c4af000cc8e3d111c543a4f647b4d8bedc4a01eb286ff8f65d8e5,config_fold3_teacher_vhr_repair_20260613.yaml;results/active_q25_rerun/predictions_by_fold.csv,13c231aedc6c4af000cc8e3d111c543a4f647b4d8bedc4a01eb286ff8f65d8e5;0a44ac3f7e8eff06ce5999df8ba8f9c7c389d29a802b57e49aaf34d16e264dfd,42,OK,,B2,RandomForest,spatial,4,other_agri,1,oil_palm,10
20260613T130008Z,13c231aedc6c4af000cc8e3d111c543a4f647b4d8bedc4a01eb286ff8f65d8e5,config_fold3_teacher_vhr_repair_20260613.yaml;results/active_q25_rerun/predictions_by_fold.csv,13c231aedc6c4af000cc8e3d111c543a4f647b4d8bedc4a01eb286ff8f65d8e5;0a44ac3f7e8eff06ce5999df8ba8f9c7c389d29a802b57e49aaf34d16e264dfd,42,OK,,B2,RandomForest,spatial,4,other_agri,2,rubber,3
20260613T130008Z,13c231aedc6c4af000cc8e3d111c543a4f647b4d8bedc4a01eb286ff8f65d8e5,config_fold3_teacher_vhr_repair_20260613.yaml;results/active_q25_rerun/predictions_by_fold.csv,13c231aedc6c4af000cc8e3d111c543a4f647b4d8bedc4a01eb286ff8f65d8e5;0a44ac3f7e8eff06ce5999df8ba8f9c7c389d29a802b57e49aaf34d16e264dfd,42,OK,,B2,RandomForest,spatial,4,other_agri,3,paddy,17
20260613T130008Z,13c231aedc6c4af000cc8e3d111c543a4f647b4d8bedc4a01eb286ff8f65d8e5,config_fold3_teacher_vhr_repair_20260613.yaml;results/active_q25_rerun/predictions_by_fold.csv,13c231aedc6c4af000cc8e3d111c543a4f647b4d8bedc4a01eb286ff8f65d8e5;0a44ac3f7e8eff06ce5999df8ba8f9c7c389d29a802b57e49aaf34d16e264dfd,42,OK,,B2,RandomForest,spatial,4,other_agri,4,other_agri,59
20260613T130008Z,13c231aedc6c4af000cc8e3d111c543a4f647b4d8bedc4a01eb286ff8f65d8e5,config_fold3_teacher_vhr_repair_20260613.yaml;results/active_q25_rerun/predictions_by_fold.csv,13c231aedc6c4af000cc8e3d111c543a4f647b4d8bedc4a01eb286ff8f65d8e5;0a44ac3f7e8eff06ce5999df8ba8f9c7c389d29a802b57e49aaf34d16e264dfd,42,OK,,B2,RandomForest,spatial,4,other_agri,5,forest,0
20260613T130008Z,13c231aedc6c4af000cc8e3d111c543a4f647b4d8bedc4a01eb286ff8f65d8e5,config_fold3_teacher_vhr_repair_20260613.yaml;results/active_q25_rerun/predictions_by_fold.csv,13c231aedc6c4af000cc8e3d111c543a4f647b4d8bedc4a01eb286ff8f65d8e5;0a44ac3f7e8eff06ce5999df8ba8f9c7c389d29a802b57e49aaf34d16e264dfd,42,OK,,B2,RandomForest,spatial,4,other_agri,6,builtup_other,0
20260613T130008Z,13c231aedc6c4af000cc8e3d111c543a4f647b4d8bedc4a01eb286ff8f65d8e5,config_fold3_teacher_vhr_repair_20260613.yaml;results/active_q25_rerun/predictions_by_fold.csv,13c231aedc6c4af000cc8e3d111c543a4f647b4d8bedc4a01eb286ff8f65d8e5;0a44ac3f7e8eff06ce5999df8ba8f9c7c389d29a802b57e49aaf34d16e264dfd,42,OK,,B2,RandomForest,spatial,5,forest,1,oil_palm,32
20260613T130008Z,13c231aedc6c4af000cc8e3d111c543a4f647b4d8bedc4a01eb286ff8f65d8e5,config_fold3_teacher_vhr_repair_20260613.yaml;results/active_q25_rerun/predictions_by_fold.csv,13c231aedc6c4af000cc8e3d111c543a4f647b4d8bedc4a01eb286ff8f65d8e5;0a44ac3f7e8eff06ce5999df8ba8f9c7c389d29a802b57e49aaf34d16e264dfd,42,OK,,B2,RandomForest,spatial,5,forest,2,rubber,26
20260613T130008Z,13c231aedc6c4af000cc8e3d111c543a4f647b4d8bedc4a01eb286ff8f65d8e5,config_fold3_teacher_vhr_repair_20260613.yaml;results/active_q25_rerun/predictions_by_fold.csv,13c231aedc6c4af000cc8e3d111c543a4f647b4d8bedc4a01eb286ff8f65d8e5;0a44ac3f7e8eff06ce5999df8ba8f9c7c389d29a802b57e49aaf34d16e264dfd,42,OK,,B2,RandomForest,spatial,5,forest,3,paddy,3
20260613T130008Z,13c231aedc6c4af000cc8e3d111c543a4f647b4d8bedc4a01eb286ff8f65d8e5,config_fold3_teacher_vhr_repair_20260613.yaml;results/active_q25_rerun/predictions_by_fold.csv,13c231aedc6c4af000cc8e3d111c543a4f647b4d8bedc4a01eb286ff8f65d8e5;0a44ac3f7e8eff06ce5999df8ba8f9c7c389d29a802b57e49aaf34d16e264dfd,42,OK,,B2,RandomForest,spatial,5,forest,4,other_agri,5
20260613T130008Z,13c231aedc6c4af000cc8e3d111c543a4f647b4d8bedc4a01eb286ff8f65d8e5,config_fold3_teacher_vhr_repair_20260613.yaml;results/active_q25_rerun/predictions_by_fold.csv,13c231aedc6c4af000cc8e3d111c543a4f647b4d8bedc4a01eb286ff8f65d8e5;0a44ac3f7e8eff06ce5999df8ba8f9c7c389d29a802b57e49aaf34d16e264dfd,42,OK,,B2,RandomForest,spatial,5,forest,5,forest,60
20260613T130008Z,13c231aedc6c4af000cc8e3d111c543a4f647b4d8bedc4a01eb286ff8f65d8e5,config_fold3_teacher_vhr_repair_20260613.yaml;results/active_q25_rerun/predictions_by_fold.csv,13c231aedc6c4af000cc8e3d111c543a4f647b4d8bedc4a01eb286ff8f65d8e5;0a44ac3f7e8eff06ce5999df8ba8f9c7c389d29a802b57e49aaf34d16e264dfd,42,OK,,B2,RandomForest,spatial,5,forest,6,builtup_other,3
20260613T130008Z,13c231aedc6c4af000cc8e3d111c543a4f647b4d8bedc4a01eb286ff8f65d8e5,config_fold3_teacher_vhr_repair_20260613.yaml;results/active_q25_rerun/predictions_by_fold.csv,13c231aedc6c4af000cc8e3d111c543a4f647b4d8bedc4a01eb286ff8f65d8e5;0a44ac3f7e8eff06ce5999df8ba8f9c7c389d29a802b57e49aaf34d16e264dfd,42,OK,,B2,RandomForest,spatial,6,builtup_other,1,oil_palm,16
20260613T130008Z,13c231aedc6c4af000cc8e3d111c543a4f647b4d8bedc4a01eb286ff8f65d8e5,config_fold3_teacher_vhr_repair_20260613.yaml;results/active_q25_rerun/predictions_by_fold.csv,13c231aedc6c4af000cc8e3d111c543a4f647b4d8bedc4a01eb286ff8f65d8e5;0a44ac3f7e8eff06ce5999df8ba8f9c7c389d29a802b57e49aaf34d16e264dfd,42,OK,,B2,RandomForest,spatial,6,builtup_other,2,rubber,2
20260613T130008Z,13c231aedc6c4af000cc8e3d111c543a4f647b4d8bedc4a01eb286ff8f65d8e5,config_fold3_teacher_vhr_repair_20260613.yaml;results/active_q25_rerun/predictions_by_fold.csv,13c231aedc6c4af000cc8e3d111c543a4f647b4d8bedc4a01eb286ff8f65d8e5;0a44ac3f7e8eff06ce5999df8ba8f9c7c389d29a802b57e49aaf34d16e264dfd,42,OK,,B2,RandomForest,spatial,6,builtup_other,3,paddy,0
20260613T130008Z,13c231aedc6c4af000cc8e3d111c543a4f647b4d8bedc4a01eb286ff8f65d8e5,config_fold3_teacher_vhr_repair_20260613.yaml;results/active_q25_rerun/predictions_by_fold.csv,13c231aedc6c4af000cc8e3d111c543a4f647b4d8bedc4a01eb286ff8f65d8e5;0a44ac3f7e8eff06ce5999df8ba8f9c7c389d29a802b57e49aaf34d16e264dfd,42,OK,,B2,RandomForest,spatial,6,builtup_other,4,other_agri,35
20260613T130008Z,13c231aedc6c4af000cc8e3d111c543a4f647b4d8bedc4a01eb286ff8f65d8e5,config_fold3_teacher_vhr_repair_20260613.yaml;results/active_q25_rerun/predictions_by_fold.csv,13c231aedc6c4af000cc8e3d111c543a4f647b4d8bedc4a01eb286ff8f65d8e5;0a44ac3f7e8eff06ce5999df8ba8f9c7c389d29a802b57e49aaf34d16e264dfd,42,OK,,B2,RandomForest,spatial,6,builtup_other,5,forest,0
20260613T130008Z,13c231aedc6c4af000cc8e3d111c543a4f647b4d8bedc4a01eb286ff8f65d8e5,config_fold3_teacher_vhr_repair_20260613.yaml;results/active_q25_rerun/predictions_by_fold.csv,13c231aedc6c4af000cc8e3d111c543a4f647b4d8bedc4a01eb286ff8f65d8e5;0a44ac3f7e8eff06ce5999df8ba8f9c7c389d29a802b57e49aaf34d16e264dfd,42,OK,,B2,RandomForest,spatial,6,builtup_other,6,builtup_other,32
