timestamp,config_hash,input_files,random_seed,status,reason,method,stack,model,split,class_code,class_name,n_calibration_class,qhat,probability_threshold
20260618T163557Z,d3a51614aff30e8a8fb911715c1237164a2c427fdc17169e8c62170c04ff20b7,C:\Users\m1761\Documents\New project\IJRS_ADJUDICATED_SENSITIVITY_20260618\data\reference_samples_verified_622_public.csv;C:\Users\m1761\Documents\New project\IJRS_ADJUDICATED_SENSITIVITY_20260618\data\features_fold3_teacher_vhr_repair_20260613\B0.csv;C:\Users\m1761\Documents\New project\IJRS_ADJUDICATED_SENSITIVITY_20260618\results\active_q25_rerun\variogram_choice.json,42,OK,,mondrian_class_conditional,B0,RandomForest,random,1,oil_palm,54,0.95,0.050000000000000044
20260618T163557Z,d3a51614aff30e8a8fb911715c1237164a2c427fdc17169e8c62170c04ff20b7,C:\Users\m1761\Documents\New project\IJRS_ADJUDICATED_SENSITIVITY_20260618\data\reference_samples_verified_622_public.csv;C:\Users\m1761\Documents\New project\IJRS_ADJUDICATED_SENSITIVITY_20260618\data\features_fold3_teacher_vhr_repair_20260613\B0.csv;C:\Users\m1761\Documents\New project\IJRS_ADJUDICATED_SENSITIVITY_20260618\results\active_q25_rerun\variogram_choice.json,42,OK,,mondrian_class_conditional,B0,RandomForest,random,2,rubber,53,0.868,0.132
20260618T163557Z,d3a51614aff30e8a8fb911715c1237164a2c427fdc17169e8c62170c04ff20b7,C:\Users\m1761\Documents\New project\IJRS_ADJUDICATED_SENSITIVITY_20260618\data\reference_samples_verified_622_public.csv;C:\Users\m1761\Documents\New project\IJRS_ADJUDICATED_SENSITIVITY_20260618\data\features_fold3_teacher_vhr_repair_20260613\B0.csv;C:\Users\m1761\Documents\New project\IJRS_ADJUDICATED_SENSITIVITY_20260618\results\active_q25_rerun\variogram_choice.json,42,OK,,mondrian_class_conditional,B0,RandomForest,random,3,paddy,53,0.928,0.07199999999999995
20260618T163557Z,d3a51614aff30e8a8fb911715c1237164a2c427fdc17169e8c62170c04ff20b7,C:\Users\m1761\Documents\New project\IJRS_ADJUDICATED_SENSITIVITY_20260618\data\reference_samples_verified_622_public.csv;C:\Users\m1761\Documents\New project\IJRS_ADJUDICATED_SENSITIVITY_20260618\data\features_fold3_teacher_vhr_repair_20260613\B0.csv;C:\Users\m1761\Documents\New project\IJRS_ADJUDICATED_SENSITIVITY_20260618\results\active_q25_rerun\variogram_choice.json,42,OK,,mondrian_class_conditional,B0,RandomForest,random,4,other_agri,44,0.966,0.03400000000000003
20260618T163557Z,d3a51614aff30e8a8fb911715c1237164a2c427fdc17169e8c62170c04ff20b7,C:\Users\m1761\Documents\New project\IJRS_ADJUDICATED_SENSITIVITY_20260618\data\reference_samples_verified_622_public.csv;C:\Users\m1761\Documents\New project\IJRS_ADJUDICATED_SENSITIVITY_20260618\data\features_fold3_teacher_vhr_repair_20260613\B0.csv;C:\Users\m1761\Documents\New project\IJRS_ADJUDICATED_SENSITIVITY_20260618\results\active_q25_rerun\variogram_choice.json,42,OK,,mondrian_class_conditional,B0,RandomForest,random,5,forest,64,0.858,0.14200000000000002
20260618T163557Z,d3a51614aff30e8a8fb911715c1237164a2c427fdc17169e8c62170c04ff20b7,C:\Users\m1761\Documents\New project\IJRS_ADJUDICATED_SENSITIVITY_20260618\data\reference_samples_verified_622_public.csv;C:\Users\m1761\Documents\New project\IJRS_ADJUDICATED_SENSITIVITY_20260618\data\features_fold3_teacher_vhr_repair_20260613\B0.csv;C:\Users\m1761\Documents\New project\IJRS_ADJUDICATED_SENSITIVITY_20260618\results\active_q25_rerun\variogram_choice.json,42,OK,,mondrian_class_conditional,B0,RandomForest,random,6,builtup_other,43,0.87,0.13
20260618T163557Z,d3a51614aff30e8a8fb911715c1237164a2c427fdc17169e8c62170c04ff20b7,C:\Users\m1761\Documents\New project\IJRS_ADJUDICATED_SENSITIVITY_20260618\data\reference_samples_verified_622_public.csv;C:\Users\m1761\Documents\New project\IJRS_ADJUDICATED_SENSITIVITY_20260618\data\features_fold3_teacher_vhr_repair_20260613\B0.csv;C:\Users\m1761\Documents\New project\IJRS_ADJUDICATED_SENSITIVITY_20260618\results\active_q25_rerun\variogram_choice.json,42,OK,,mondrian_class_conditional,B0,RandomForest,spatial,1,oil_palm,84,0.964,0.03600000000000003
20260618T163557Z,d3a51614aff30e8a8fb911715c1237164a2c427fdc17169e8c62170c04ff20b7,C:\Users\m1761\Documents\New project\IJRS_ADJUDICATED_SENSITIVITY_20260618\data\reference_samples_verified_622_public.csv;C:\Users\m1761\Documents\New project\IJRS_ADJUDICATED_SENSITIVITY_20260618\data\features_fold3_teacher_vhr_repair_20260613\B0.csv;C:\Users\m1761\Documents\New project\IJRS_ADJUDICATED_SENSITIVITY_20260618\results\active_q25_rerun\variogram_choice.json,42,OK,,mondrian_class_conditional,B0,RandomForest,spatial,2,rubber,52,0.946,0.05400000000000005
20260618T163557Z,d3a51614aff30e8a8fb911715c1237164a2c427fdc17169e8c62170c04ff20b7,C:\Users\m1761\Documents\New project\IJRS_ADJUDICATED_SENSITIVITY_20260618\data\reference_samples_verified_622_public.csv;C:\Users\m1761\Documents\New project\IJRS_ADJUDICATED_SENSITIVITY_20260618\data\features_fold3_teacher_vhr_repair_20260613\B0.csv;C:\Users\m1761\Documents\New project\IJRS_ADJUDICATED_SENSITIVITY_20260618\results\active_q25_rerun\variogram_choice.json,42,OK,,mondrian_class_conditional,B0,RandomForest,spatial,3,paddy,39,0.996,0.0040000000000000036
20260618T163557Z,d3a51614aff30e8a8fb911715c1237164a2c427fdc17169e8c62170c04ff20b7,C:\Users\m1761\Documents\New project\IJRS_ADJUDICATED_SENSITIVITY_20260618\data\reference_samples_verified_622_public.csv;C:\Users\m1761\Documents\New project\IJRS_ADJUDICATED_SENSITIVITY_20260618\data\features_fold3_teacher_vhr_repair_20260613\B0.csv;C:\Users\m1761\Documents\New project\IJRS_ADJUDICATED_SENSITIVITY_20260618\results\active_q25_rerun\variogram_choice.json,42,OK,,mondrian_class_conditional,B0,RandomForest,spatial,4,other_agri,55,0.968,0.03200000000000003
20260618T163557Z,d3a51614aff30e8a8fb911715c1237164a2c427fdc17169e8c62170c04ff20b7,C:\Users\m1761\Documents\New project\IJRS_ADJUDICATED_SENSITIVITY_20260618\data\reference_samples_verified_622_public.csv;C:\Users\m1761\Documents\New project\IJRS_ADJUDICATED_SENSITIVITY_20260618\data\features_fold3_teacher_vhr_repair_20260613\B0.csv;C:\Users\m1761\Documents\New project\IJRS_ADJUDICATED_SENSITIVITY_20260618\results\active_q25_rerun\variogram_choice.json,42,OK,,mondrian_class_conditional,B0,RandomForest,spatial,5,forest,83,1.0,0.0
20260618T163557Z,d3a51614aff30e8a8fb911715c1237164a2c427fdc17169e8c62170c04ff20b7,C:\Users\m1761\Documents\New project\IJRS_ADJUDICATED_SENSITIVITY_20260618\data\reference_samples_verified_622_public.csv;C:\Users\m1761\Documents\New project\IJRS_ADJUDICATED_SENSITIVITY_20260618\data\features_fold3_teacher_vhr_repair_20260613\B0.csv;C:\Users\m1761\Documents\New project\IJRS_ADJUDICATED_SENSITIVITY_20260618\results\active_q25_rerun\variogram_choice.json,42,OK,,mondrian_class_conditional,B0,RandomForest,spatial,6,builtup_other,49,0.9299999999999999,0.07000000000000006
20260618T163557Z,d3a51614aff30e8a8fb911715c1237164a2c427fdc17169e8c62170c04ff20b7,C:\Users\m1761\Documents\New project\IJRS_ADJUDICATED_SENSITIVITY_20260618\data\reference_samples_verified_622_public.csv;C:\Users\m1761\Documents\New project\IJRS_ADJUDICATED_SENSITIVITY_20260618\data\features_fold3_teacher_vhr_repair_20260613\B0.csv;C:\Users\m1761\Documents\New project\IJRS_ADJUDICATED_SENSITIVITY_20260618\results\active_q25_rerun\variogram_choice.json,42,OK,,mondrian_class_conditional,B0,XGBoost,random,1,oil_palm,54,0.9651645421981812,0.03483545780181885
20260618T163557Z,d3a51614aff30e8a8fb911715c1237164a2c427fdc17169e8c62170c04ff20b7,C:\Users\m1761\Documents\New project\IJRS_ADJUDICATED_SENSITIVITY_20260618\data\reference_samples_verified_622_public.csv;C:\Users\m1761\Documents\New project\IJRS_ADJUDICATED_SENSITIVITY_20260618\data\features_fold3_teacher_vhr_repair_20260613\B0.csv;C:\Users\m1761\Documents\New project\IJRS_ADJUDICATED_SENSITIVITY_20260618\results\active_q25_rerun\variogram_choice.json,42,OK,,mondrian_class_conditional,B0,XGBoost,random,2,rubber,53,0.9343863725662231,0.06561362743377686
20260618T163557Z,d3a51614aff30e8a8fb911715c1237164a2c427fdc17169e8c62170c04ff20b7,C:\Users\m1761\Documents\New project\IJRS_ADJUDICATED_SENSITIVITY_20260618\data\reference_samples_verified_622_public.csv;C:\Users\m1761\Documents\New project\IJRS_ADJUDICATED_SENSITIVITY_20260618\data\features_fold3_teacher_vhr_repair_20260613\B0.csv;C:\Users\m1761\Documents\New project\IJRS_ADJUDICATED_SENSITIVITY_20260618\results\active_q25_rerun\variogram_choice.json,42,OK,,mondrian_class_conditional,B0,XGBoost,random,3,paddy,53,0.9677523374557495,0.03224766254425049
20260618T163557Z,d3a51614aff30e8a8fb911715c1237164a2c427fdc17169e8c62170c04ff20b7,C:\Users\m1761\Documents\New project\IJRS_ADJUDICATED_SENSITIVITY_20260618\data\reference_samples_verified_622_public.csv;C:\Users\m1761\Documents\New project\IJRS_ADJUDICATED_SENSITIVITY_20260618\data\features_fold3_teacher_vhr_repair_20260613\B0.csv;C:\Users\m1761\Documents\New project\IJRS_ADJUDICATED_SENSITIVITY_20260618\results\active_q25_rerun\variogram_choice.json,42,OK,,mondrian_class_conditional,B0,XGBoost,random,4,other_agri,44,0.9862523078918457,0.013747692108154297
20260618T163557Z,d3a51614aff30e8a8fb911715c1237164a2c427fdc17169e8c62170c04ff20b7,C:\Users\m1761\Documents\New project\IJRS_ADJUDICATED_SENSITIVITY_20260618\data\reference_samples_verified_622_public.csv;C:\Users\m1761\Documents\New project\IJRS_ADJUDICATED_SENSITIVITY_20260618\data\features_fold3_teacher_vhr_repair_20260613\B0.csv;C:\Users\m1761\Documents\New project\IJRS_ADJUDICATED_SENSITIVITY_20260618\results\active_q25_rerun\variogram_choice.json,42,OK,,mondrian_class_conditional,B0,XGBoost,random,5,forest,64,0.9505813121795654,0.04941868782043457
20260618T163557Z,d3a51614aff30e8a8fb911715c1237164a2c427fdc17169e8c62170c04ff20b7,C:\Users\m1761\Documents\New project\IJRS_ADJUDICATED_SENSITIVITY_20260618\data\reference_samples_verified_622_public.csv;C:\Users\m1761\Documents\New project\IJRS_ADJUDICATED_SENSITIVITY_20260618\data\features_fold3_teacher_vhr_repair_20260613\B0.csv;C:\Users\m1761\Documents\New project\IJRS_ADJUDICATED_SENSITIVITY_20260618\results\active_q25_rerun\variogram_choice.json,42,OK,,mondrian_class_conditional,B0,XGBoost,random,6,builtup_other,43,0.968701183795929,0.031298816204071045
20260618T163557Z,d3a51614aff30e8a8fb911715c1237164a2c427fdc17169e8c62170c04ff20b7,C:\Users\m1761\Documents\New project\IJRS_ADJUDICATED_SENSITIVITY_20260618\data\reference_samples_verified_622_public.csv;C:\Users\m1761\Documents\New project\IJRS_ADJUDICATED_SENSITIVITY_20260618\data\features_fold3_teacher_vhr_repair_20260613\B0.csv;C:\Users\m1761\Documents\New project\IJRS_ADJUDICATED_SENSITIVITY_20260618\results\active_q25_rerun\variogram_choice.json,42,OK,,mondrian_class_conditional,B0,XGBoost,spatial,1,oil_palm,84,0.9822613000869751,0.017738699913024902
20260618T163557Z,d3a51614aff30e8a8fb911715c1237164a2c427fdc17169e8c62170c04ff20b7,C:\Users\m1761\Documents\New project\IJRS_ADJUDICATED_SENSITIVITY_20260618\data\reference_samples_verified_622_public.csv;C:\Users\m1761\Documents\New project\IJRS_ADJUDICATED_SENSITIVITY_20260618\data\features_fold3_teacher_vhr_repair_20260613\B0.csv;C:\Users\m1761\Documents\New project\IJRS_ADJUDICATED_SENSITIVITY_20260618\results\active_q25_rerun\variogram_choice.json,42,OK,,mondrian_class_conditional,B0,XGBoost,spatial,2,rubber,52,0.986931324005127,0.013068675994873047
20260618T163557Z,d3a51614aff30e8a8fb911715c1237164a2c427fdc17169e8c62170c04ff20b7,C:\Users\m1761\Documents\New project\IJRS_ADJUDICATED_SENSITIVITY_20260618\data\reference_samples_verified_622_public.csv;C:\Users\m1761\Documents\New project\IJRS_ADJUDICATED_SENSITIVITY_20260618\data\features_fold3_teacher_vhr_repair_20260613\B0.csv;C:\Users\m1761\Documents\New project\IJRS_ADJUDICATED_SENSITIVITY_20260618\results\active_q25_rerun\variogram_choice.json,42,OK,,mondrian_class_conditional,B0,XGBoost,spatial,3,paddy,39,0.9916446208953857,0.008355379104614258
20260618T163557Z,d3a51614aff30e8a8fb911715c1237164a2c427fdc17169e8c62170c04ff20b7,C:\Users\m1761\Documents\New project\IJRS_ADJUDICATED_SENSITIVITY_20260618\data\reference_samples_verified_622_public.csv;C:\Users\m1761\Documents\New project\IJRS_ADJUDICATED_SENSITIVITY_20260618\data\features_fold3_teacher_vhr_repair_20260613\B0.csv;C:\Users\m1761\Documents\New project\IJRS_ADJUDICATED_SENSITIVITY_20260618\results\active_q25_rerun\variogram_choice.json,42,OK,,mondrian_class_conditional,B0,XGBoost,spatial,4,other_agri,55,0.9731954336166382,0.026804566383361816
20260618T163557Z,d3a51614aff30e8a8fb911715c1237164a2c427fdc17169e8c62170c04ff20b7,C:\Users\m1761\Documents\New project\IJRS_ADJUDICATED_SENSITIVITY_20260618\data\reference_samples_verified_622_public.csv;C:\Users\m1761\Documents\New project\IJRS_ADJUDICATED_SENSITIVITY_20260618\data\features_fold3_teacher_vhr_repair_20260613\B0.csv;C:\Users\m1761\Documents\New project\IJRS_ADJUDICATED_SENSITIVITY_20260618\results\active_q25_rerun\variogram_choice.json,42,OK,,mondrian_class_conditional,B0,XGBoost,spatial,5,forest,83,0.9958696365356445,0.004130363464355469
20260618T163557Z,d3a51614aff30e8a8fb911715c1237164a2c427fdc17169e8c62170c04ff20b7,C:\Users\m1761\Documents\New project\IJRS_ADJUDICATED_SENSITIVITY_20260618\data\reference_samples_verified_622_public.csv;C:\Users\m1761\Documents\New project\IJRS_ADJUDICATED_SENSITIVITY_20260618\data\features_fold3_teacher_vhr_repair_20260613\B0.csv;C:\Users\m1761\Documents\New project\IJRS_ADJUDICATED_SENSITIVITY_20260618\results\active_q25_rerun\variogram_choice.json,42,OK,,mondrian_class_conditional,B0,XGBoost,spatial,6,builtup_other,49,0.9771912097930908,0.02280879020690918
20260618T163557Z,d3a51614aff30e8a8fb911715c1237164a2c427fdc17169e8c62170c04ff20b7,C:\Users\m1761\Documents\New project\IJRS_ADJUDICATED_SENSITIVITY_20260618\data\reference_samples_verified_622_public.csv;C:\Users\m1761\Documents\New project\IJRS_ADJUDICATED_SENSITIVITY_20260618\data\features_fold3_teacher_vhr_repair_20260613\B1.csv;C:\Users\m1761\Documents\New project\IJRS_ADJUDICATED_SENSITIVITY_20260618\results\active_q25_rerun\variogram_choice.json,42,OK,,mondrian_class_conditional,B1,RandomForest,random,1,oil_palm,54,0.84,0.16000000000000003
20260618T163557Z,d3a51614aff30e8a8fb911715c1237164a2c427fdc17169e8c62170c04ff20b7,C:\Users\m1761\Documents\New project\IJRS_ADJUDICATED_SENSITIVITY_20260618\data\reference_samples_verified_622_public.csv;C:\Users\m1761\Documents\New project\IJRS_ADJUDICATED_SENSITIVITY_20260618\data\features_fold3_teacher_vhr_repair_20260613\B1.csv;C:\Users\m1761\Documents\New project\IJRS_ADJUDICATED_SENSITIVITY_20260618\results\active_q25_rerun\variogram_choice.json,42,OK,,mondrian_class_conditional,B1,RandomForest,random,2,rubber,53,0.79,0.20999999999999996
20260618T163557Z,d3a51614aff30e8a8fb911715c1237164a2c427fdc17169e8c62170c04ff20b7,C:\Users\m1761\Documents\New project\IJRS_ADJUDICATED_SENSITIVITY_20260618\data\reference_samples_verified_622_public.csv;C:\Users\m1761\Documents\New project\IJRS_ADJUDICATED_SENSITIVITY_20260618\data\features_fold3_teacher_vhr_repair_20260613\B1.csv;C:\Users\m1761\Documents\New project\IJRS_ADJUDICATED_SENSITIVITY_20260618\results\active_q25_rerun\variogram_choice.json,42,OK,,mondrian_class_conditional,B1,RandomForest,random,3,paddy,53,0.88,0.12
20260618T163557Z,d3a51614aff30e8a8fb911715c1237164a2c427fdc17169e8c62170c04ff20b7,C:\Users\m1761\Documents\New project\IJRS_ADJUDICATED_SENSITIVITY_20260618\data\reference_samples_verified_622_public.csv;C:\Users\m1761\Documents\New project\IJRS_ADJUDICATED_SENSITIVITY_20260618\data\features_fold3_teacher_vhr_repair_20260613\B1.csv;C:\Users\m1761\Documents\New project\IJRS_ADJUDICATED_SENSITIVITY_20260618\results\active_q25_rerun\variogram_choice.json,42,OK,,mondrian_class_conditional,B1,RandomForest,random,4,other_agri,44,0.9359999999999999,0.06400000000000006
20260618T163557Z,d3a51614aff30e8a8fb911715c1237164a2c427fdc17169e8c62170c04ff20b7,C:\Users\m1761\Documents\New project\IJRS_ADJUDICATED_SENSITIVITY_20260618\data\reference_samples_verified_622_public.csv;C:\Users\m1761\Documents\New project\IJRS_ADJUDICATED_SENSITIVITY_20260618\data\features_fold3_teacher_vhr_repair_20260613\B1.csv;C:\Users\m1761\Documents\New project\IJRS_ADJUDICATED_SENSITIVITY_20260618\results\active_q25_rerun\variogram_choice.json,42,OK,,mondrian_class_conditional,B1,RandomForest,random,5,forest,64,0.84,0.16000000000000003
20260618T163557Z,d3a51614aff30e8a8fb911715c1237164a2c427fdc17169e8c62170c04ff20b7,C:\Users\m1761\Documents\New project\IJRS_ADJUDICATED_SENSITIVITY_20260618\data\reference_samples_verified_622_public.csv;C:\Users\m1761\Documents\New project\IJRS_ADJUDICATED_SENSITIVITY_20260618\data\features_fold3_teacher_vhr_repair_20260613\B1.csv;C:\Users\m1761\Documents\New project\IJRS_ADJUDICATED_SENSITIVITY_20260618\results\active_q25_rerun\variogram_choice.json,42,OK,,mondrian_class_conditional,B1,RandomForest,random,6,builtup_other,43,0.862,0.138
20260618T163557Z,d3a51614aff30e8a8fb911715c1237164a2c427fdc17169e8c62170c04ff20b7,C:\Users\m1761\Documents\New project\IJRS_ADJUDICATED_SENSITIVITY_20260618\data\reference_samples_verified_622_public.csv;C:\Users\m1761\Documents\New project\IJRS_ADJUDICATED_SENSITIVITY_20260618\data\features_fold3_teacher_vhr_repair_20260613\B1.csv;C:\Users\m1761\Documents\New project\IJRS_ADJUDICATED_SENSITIVITY_20260618\results\active_q25_rerun\variogram_choice.json,42,OK,,mondrian_class_conditional,B1,RandomForest,spatial,1,oil_palm,84,0.77,0.22999999999999998
20260618T163557Z,d3a51614aff30e8a8fb911715c1237164a2c427fdc17169e8c62170c04ff20b7,C:\Users\m1761\Documents\New project\IJRS_ADJUDICATED_SENSITIVITY_20260618\data\reference_samples_verified_622_public.csv;C:\Users\m1761\Documents\New project\IJRS_ADJUDICATED_SENSITIVITY_20260618\data\features_fold3_teacher_vhr_repair_20260613\B1.csv;C:\Users\m1761\Documents\New project\IJRS_ADJUDICATED_SENSITIVITY_20260618\results\active_q25_rerun\variogram_choice.json,42,OK,,mondrian_class_conditional,B1,RandomForest,spatial,2,rubber,52,0.714,0.28600000000000003
20260618T163557Z,d3a51614aff30e8a8fb911715c1237164a2c427fdc17169e8c62170c04ff20b7,C:\Users\m1761\Documents\New project\IJRS_ADJUDICATED_SENSITIVITY_20260618\data\reference_samples_verified_622_public.csv;C:\Users\m1761\Documents\New project\IJRS_ADJUDICATED_SENSITIVITY_20260618\data\features_fold3_teacher_vhr_repair_20260613\B1.csv;C:\Users\m1761\Documents\New project\IJRS_ADJUDICATED_SENSITIVITY_20260618\results\active_q25_rerun\variogram_choice.json,42,OK,,mondrian_class_conditional,B1,RandomForest,spatial,3,paddy,39,0.99,0.010000000000000009
20260618T163557Z,d3a51614aff30e8a8fb911715c1237164a2c427fdc17169e8c62170c04ff20b7,C:\Users\m1761\Documents\New project\IJRS_ADJUDICATED_SENSITIVITY_20260618\data\reference_samples_verified_622_public.csv;C:\Users\m1761\Documents\New project\IJRS_ADJUDICATED_SENSITIVITY_20260618\data\features_fold3_teacher_vhr_repair_20260613\B1.csv;C:\Users\m1761\Documents\New project\IJRS_ADJUDICATED_SENSITIVITY_20260618\results\active_q25_rerun\variogram_choice.json,42,OK,,mondrian_class_conditional,B1,RandomForest,spatial,4,other_agri,55,0.966,0.03400000000000003
20260618T163557Z,d3a51614aff30e8a8fb911715c1237164a2c427fdc17169e8c62170c04ff20b7,C:\Users\m1761\Documents\New project\IJRS_ADJUDICATED_SENSITIVITY_20260618\data\reference_samples_verified_622_public.csv;C:\Users\m1761\Documents\New project\IJRS_ADJUDICATED_SENSITIVITY_20260618\data\features_fold3_teacher_vhr_repair_20260613\B1.csv;C:\Users\m1761\Documents\New project\IJRS_ADJUDICATED_SENSITIVITY_20260618\results\active_q25_rerun\variogram_choice.json,42,OK,,mondrian_class_conditional,B1,RandomForest,spatial,5,forest,83,1.0,0.0
20260618T163557Z,d3a51614aff30e8a8fb911715c1237164a2c427fdc17169e8c62170c04ff20b7,C:\Users\m1761\Documents\New project\IJRS_ADJUDICATED_SENSITIVITY_20260618\data\reference_samples_verified_622_public.csv;C:\Users\m1761\Documents\New project\IJRS_ADJUDICATED_SENSITIVITY_20260618\data\features_fold3_teacher_vhr_repair_20260613\B1.csv;C:\Users\m1761\Documents\New project\IJRS_ADJUDICATED_SENSITIVITY_20260618\results\active_q25_rerun\variogram_choice.json,42,OK,,mondrian_class_conditional,B1,RandomForest,spatial,6,builtup_other,49,0.846,0.15400000000000003
20260618T163557Z,d3a51614aff30e8a8fb911715c1237164a2c427fdc17169e8c62170c04ff20b7,C:\Users\m1761\Documents\New project\IJRS_ADJUDICATED_SENSITIVITY_20260618\data\reference_samples_verified_622_public.csv;C:\Users\m1761\Documents\New project\IJRS_ADJUDICATED_SENSITIVITY_20260618\data\features_fold3_teacher_vhr_repair_20260613\B1.csv;C:\Users\m1761\Documents\New project\IJRS_ADJUDICATED_SENSITIVITY_20260618\results\active_q25_rerun\variogram_choice.json,42,OK,,mondrian_class_conditional,B1,XGBoost,random,1,oil_palm,54,0.9093046188354492,0.09069538116455078
20260618T163557Z,d3a51614aff30e8a8fb911715c1237164a2c427fdc17169e8c62170c04ff20b7,C:\Users\m1761\Documents\New project\IJRS_ADJUDICATED_SENSITIVITY_20260618\data\reference_samples_verified_622_public.csv;C:\Users\m1761\Documents\New project\IJRS_ADJUDICATED_SENSITIVITY_20260618\data\features_fold3_teacher_vhr_repair_20260613\B1.csv;C:\Users\m1761\Documents\New project\IJRS_ADJUDICATED_SENSITIVITY_20260618\results\active_q25_rerun\variogram_choice.json,42,OK,,mondrian_class_conditional,B1,XGBoost,random,2,rubber,53,0.8839443325996399,0.11605566740036011
20260618T163557Z,d3a51614aff30e8a8fb911715c1237164a2c427fdc17169e8c62170c04ff20b7,C:\Users\m1761\Documents\New project\IJRS_ADJUDICATED_SENSITIVITY_20260618\data\reference_samples_verified_622_public.csv;C:\Users\m1761\Documents\New project\IJRS_ADJUDICATED_SENSITIVITY_20260618\data\features_fold3_teacher_vhr_repair_20260613\B1.csv;C:\Users\m1761\Documents\New project\IJRS_ADJUDICATED_SENSITIVITY_20260618\results\active_q25_rerun\variogram_choice.json,42,OK,,mondrian_class_conditional,B1,XGBoost,random,3,paddy,53,0.9613174200057983,0.03868257999420166
20260618T163557Z,d3a51614aff30e8a8fb911715c1237164a2c427fdc17169e8c62170c04ff20b7,C:\Users\m1761\Documents\New project\IJRS_ADJUDICATED_SENSITIVITY_20260618\data\reference_samples_verified_622_public.csv;C:\Users\m1761\Documents\New project\IJRS_ADJUDICATED_SENSITIVITY_20260618\data\features_fold3_teacher_vhr_repair_20260613\B1.csv;C:\Users\m1761\Documents\New project\IJRS_ADJUDICATED_SENSITIVITY_20260618\results\active_q25_rerun\variogram_choice.json,42,OK,,mondrian_class_conditional,B1,XGBoost,random,4,other_agri,44,0.9831668734550476,0.016833126544952393
20260618T163557Z,d3a51614aff30e8a8fb911715c1237164a2c427fdc17169e8c62170c04ff20b7,C:\Users\m1761\Documents\New project\IJRS_ADJUDICATED_SENSITIVITY_20260618\data\reference_samples_verified_622_public.csv;C:\Users\m1761\Documents\New project\IJRS_ADJUDICATED_SENSITIVITY_20260618\data\features_fold3_teacher_vhr_repair_20260613\B1.csv;C:\Users\m1761\Documents\New project\IJRS_ADJUDICATED_SENSITIVITY_20260618\results\active_q25_rerun\variogram_choice.json,42,OK,,mondrian_class_conditional,B1,XGBoost,random,5,forest,64,0.852697491645813,0.147302508354187
20260618T163557Z,d3a51614aff30e8a8fb911715c1237164a2c427fdc17169e8c62170c04ff20b7,C:\Users\m1761\Documents\New project\IJRS_ADJUDICATED_SENSITIVITY_20260618\data\reference_samples_verified_622_public.csv;C:\Users\m1761\Documents\New project\IJRS_ADJUDICATED_SENSITIVITY_20260618\data\features_fold3_teacher_vhr_repair_20260613\B1.csv;C:\Users\m1761\Documents\New project\IJRS_ADJUDICATED_SENSITIVITY_20260618\results\active_q25_rerun\variogram_choice.json,42,OK,,mondrian_class_conditional,B1,XGBoost,random,6,builtup_other,43,0.9726762175559998,0.027323782444000244
20260618T163557Z,d3a51614aff30e8a8fb911715c1237164a2c427fdc17169e8c62170c04ff20b7,C:\Users\m1761\Documents\New project\IJRS_ADJUDICATED_SENSITIVITY_20260618\data\reference_samples_verified_622_public.csv;C:\Users\m1761\Documents\New project\IJRS_ADJUDICATED_SENSITIVITY_20260618\data\features_fold3_teacher_vhr_repair_20260613\B1.csv;C:\Users\m1761\Documents\New project\IJRS_ADJUDICATED_SENSITIVITY_20260618\results\active_q25_rerun\variogram_choice.json,42,OK,,mondrian_class_conditional,B1,XGBoost,spatial,1,oil_palm,84,0.8040817379951477,0.1959182620048523
20260618T163557Z,d3a51614aff30e8a8fb911715c1237164a2c427fdc17169e8c62170c04ff20b7,C:\Users\m1761\Documents\New project\IJRS_ADJUDICATED_SENSITIVITY_20260618\data\reference_samples_verified_622_public.csv;C:\Users\m1761\Documents\New project\IJRS_ADJUDICATED_SENSITIVITY_20260618\data\features_fold3_teacher_vhr_repair_20260613\B1.csv;C:\Users\m1761\Documents\New project\IJRS_ADJUDICATED_SENSITIVITY_20260618\results\active_q25_rerun\variogram_choice.json,42,OK,,mondrian_class_conditional,B1,XGBoost,spatial,2,rubber,52,0.8851490616798401,0.11485093832015991
20260618T163557Z,d3a51614aff30e8a8fb911715c1237164a2c427fdc17169e8c62170c04ff20b7,C:\Users\m1761\Documents\New project\IJRS_ADJUDICATED_SENSITIVITY_20260618\data\reference_samples_verified_622_public.csv;C:\Users\m1761\Documents\New project\IJRS_ADJUDICATED_SENSITIVITY_20260618\data\features_fold3_teacher_vhr_repair_20260613\B1.csv;C:\Users\m1761\Documents\New project\IJRS_ADJUDICATED_SENSITIVITY_20260618\results\active_q25_rerun\variogram_choice.json,42,OK,,mondrian_class_conditional,B1,XGBoost,spatial,3,paddy,39,0.9934254884719849,0.006574511528015137
20260618T163557Z,d3a51614aff30e8a8fb911715c1237164a2c427fdc17169e8c62170c04ff20b7,C:\Users\m1761\Documents\New project\IJRS_ADJUDICATED_SENSITIVITY_20260618\data\reference_samples_verified_622_public.csv;C:\Users\m1761\Documents\New project\IJRS_ADJUDICATED_SENSITIVITY_20260618\data\features_fold3_teacher_vhr_repair_20260613\B1.csv;C:\Users\m1761\Documents\New project\IJRS_ADJUDICATED_SENSITIVITY_20260618\results\active_q25_rerun\variogram_choice.json,42,OK,,mondrian_class_conditional,B1,XGBoost,spatial,4,other_agri,55,0.9896019697189331,0.010398030281066895
20260618T163557Z,d3a51614aff30e8a8fb911715c1237164a2c427fdc17169e8c62170c04ff20b7,C:\Users\m1761\Documents\New project\IJRS_ADJUDICATED_SENSITIVITY_20260618\data\reference_samples_verified_622_public.csv;C:\Users\m1761\Documents\New project\IJRS_ADJUDICATED_SENSITIVITY_20260618\data\features_fold3_teacher_vhr_repair_20260613\B1.csv;C:\Users\m1761\Documents\New project\IJRS_ADJUDICATED_SENSITIVITY_20260618\results\active_q25_rerun\variogram_choice.json,42,OK,,mondrian_class_conditional,B1,XGBoost,spatial,5,forest,83,0.9939318895339966,0.006068110466003418
20260618T163557Z,d3a51614aff30e8a8fb911715c1237164a2c427fdc17169e8c62170c04ff20b7,C:\Users\m1761\Documents\New project\IJRS_ADJUDICATED_SENSITIVITY_20260618\data\reference_samples_verified_622_public.csv;C:\Users\m1761\Documents\New project\IJRS_ADJUDICATED_SENSITIVITY_20260618\data\features_fold3_teacher_vhr_repair_20260613\B1.csv;C:\Users\m1761\Documents\New project\IJRS_ADJUDICATED_SENSITIVITY_20260618\results\active_q25_rerun\variogram_choice.json,42,OK,,mondrian_class_conditional,B1,XGBoost,spatial,6,builtup_other,49,0.9335910677909851,0.06640893220901489
20260618T163557Z,d3a51614aff30e8a8fb911715c1237164a2c427fdc17169e8c62170c04ff20b7,C:\Users\m1761\Documents\New project\IJRS_ADJUDICATED_SENSITIVITY_20260618\data\reference_samples_verified_622_public.csv;C:\Users\m1761\Documents\New project\IJRS_ADJUDICATED_SENSITIVITY_20260618\data\features_fold3_teacher_vhr_repair_20260613\B2.csv;C:\Users\m1761\Documents\New project\IJRS_ADJUDICATED_SENSITIVITY_20260618\results\active_q25_rerun\variogram_choice.json,42,OK,,mondrian_class_conditional,B2,RandomForest,random,1,oil_palm,54,0.834,0.16600000000000004
20260618T163557Z,d3a51614aff30e8a8fb911715c1237164a2c427fdc17169e8c62170c04ff20b7,C:\Users\m1761\Documents\New project\IJRS_ADJUDICATED_SENSITIVITY_20260618\data\reference_samples_verified_622_public.csv;C:\Users\m1761\Documents\New project\IJRS_ADJUDICATED_SENSITIVITY_20260618\data\features_fold3_teacher_vhr_repair_20260613\B2.csv;C:\Users\m1761\Documents\New project\IJRS_ADJUDICATED_SENSITIVITY_20260618\results\active_q25_rerun\variogram_choice.json,42,OK,,mondrian_class_conditional,B2,RandomForest,random,2,rubber,53,0.796,0.20399999999999996
20260618T163557Z,d3a51614aff30e8a8fb911715c1237164a2c427fdc17169e8c62170c04ff20b7,C:\Users\m1761\Documents\New project\IJRS_ADJUDICATED_SENSITIVITY_20260618\data\reference_samples_verified_622_public.csv;C:\Users\m1761\Documents\New project\IJRS_ADJUDICATED_SENSITIVITY_20260618\data\features_fold3_teacher_vhr_repair_20260613\B2.csv;C:\Users\m1761\Documents\New project\IJRS_ADJUDICATED_SENSITIVITY_20260618\results\active_q25_rerun\variogram_choice.json,42,OK,,mondrian_class_conditional,B2,RandomForest,random,3,paddy,53,0.882,0.118
20260618T163557Z,d3a51614aff30e8a8fb911715c1237164a2c427fdc17169e8c62170c04ff20b7,C:\Users\m1761\Documents\New project\IJRS_ADJUDICATED_SENSITIVITY_20260618\data\reference_samples_verified_622_public.csv;C:\Users\m1761\Documents\New project\IJRS_ADJUDICATED_SENSITIVITY_20260618\data\features_fold3_teacher_vhr_repair_20260613\B2.csv;C:\Users\m1761\Documents\New project\IJRS_ADJUDICATED_SENSITIVITY_20260618\results\active_q25_rerun\variogram_choice.json,42,OK,,mondrian_class_conditional,B2,RandomForest,random,4,other_agri,44,0.866,0.134
20260618T163557Z,d3a51614aff30e8a8fb911715c1237164a2c427fdc17169e8c62170c04ff20b7,C:\Users\m1761\Documents\New project\IJRS_ADJUDICATED_SENSITIVITY_20260618\data\reference_samples_verified_622_public.csv;C:\Users\m1761\Documents\New project\IJRS_ADJUDICATED_SENSITIVITY_20260618\data\features_fold3_teacher_vhr_repair_20260613\B2.csv;C:\Users\m1761\Documents\New project\IJRS_ADJUDICATED_SENSITIVITY_20260618\results\active_q25_rerun\variogram_choice.json,42,OK,,mondrian_class_conditional,B2,RandomForest,random,5,forest,64,0.732,0.268
20260618T163557Z,d3a51614aff30e8a8fb911715c1237164a2c427fdc17169e8c62170c04ff20b7,C:\Users\m1761\Documents\New project\IJRS_ADJUDICATED_SENSITIVITY_20260618\data\reference_samples_verified_622_public.csv;C:\Users\m1761\Documents\New project\IJRS_ADJUDICATED_SENSITIVITY_20260618\data\features_fold3_teacher_vhr_repair_20260613\B2.csv;C:\Users\m1761\Documents\New project\IJRS_ADJUDICATED_SENSITIVITY_20260618\results\active_q25_rerun\variogram_choice.json,42,OK,,mondrian_class_conditional,B2,RandomForest,random,6,builtup_other,43,0.778,0.22199999999999998
20260618T163557Z,d3a51614aff30e8a8fb911715c1237164a2c427fdc17169e8c62170c04ff20b7,C:\Users\m1761\Documents\New project\IJRS_ADJUDICATED_SENSITIVITY_20260618\data\reference_samples_verified_622_public.csv;C:\Users\m1761\Documents\New project\IJRS_ADJUDICATED_SENSITIVITY_20260618\data\features_fold3_teacher_vhr_repair_20260613\B2.csv;C:\Users\m1761\Documents\New project\IJRS_ADJUDICATED_SENSITIVITY_20260618\results\active_q25_rerun\variogram_choice.json,42,OK,,mondrian_class_conditional,B2,RandomForest,spatial,1,oil_palm,84,0.698,0.30200000000000005
20260618T163557Z,d3a51614aff30e8a8fb911715c1237164a2c427fdc17169e8c62170c04ff20b7,C:\Users\m1761\Documents\New project\IJRS_ADJUDICATED_SENSITIVITY_20260618\data\reference_samples_verified_622_public.csv;C:\Users\m1761\Documents\New project\IJRS_ADJUDICATED_SENSITIVITY_20260618\data\features_fold3_teacher_vhr_repair_20260613\B2.csv;C:\Users\m1761\Documents\New project\IJRS_ADJUDICATED_SENSITIVITY_20260618\results\active_q25_rerun\variogram_choice.json,42,OK,,mondrian_class_conditional,B2,RandomForest,spatial,2,rubber,52,0.808,0.19199999999999995
20260618T163557Z,d3a51614aff30e8a8fb911715c1237164a2c427fdc17169e8c62170c04ff20b7,C:\Users\m1761\Documents\New project\IJRS_ADJUDICATED_SENSITIVITY_20260618\data\reference_samples_verified_622_public.csv;C:\Users\m1761\Documents\New project\IJRS_ADJUDICATED_SENSITIVITY_20260618\data\features_fold3_teacher_vhr_repair_20260613\B2.csv;C:\Users\m1761\Documents\New project\IJRS_ADJUDICATED_SENSITIVITY_20260618\results\active_q25_rerun\variogram_choice.json,42,OK,,mondrian_class_conditional,B2,RandomForest,spatial,3,paddy,39,0.99,0.010000000000000009
20260618T163557Z,d3a51614aff30e8a8fb911715c1237164a2c427fdc17169e8c62170c04ff20b7,C:\Users\m1761\Documents\New project\IJRS_ADJUDICATED_SENSITIVITY_20260618\data\reference_samples_verified_622_public.csv;C:\Users\m1761\Documents\New project\IJRS_ADJUDICATED_SENSITIVITY_20260618\data\features_fold3_teacher_vhr_repair_20260613\B2.csv;C:\Users\m1761\Documents\New project\IJRS_ADJUDICATED_SENSITIVITY_20260618\results\active_q25_rerun\variogram_choice.json,42,OK,,mondrian_class_conditional,B2,RandomForest,spatial,4,other_agri,55,0.896,0.10399999999999998
20260618T163557Z,d3a51614aff30e8a8fb911715c1237164a2c427fdc17169e8c62170c04ff20b7,C:\Users\m1761\Documents\New project\IJRS_ADJUDICATED_SENSITIVITY_20260618\data\reference_samples_verified_622_public.csv;C:\Users\m1761\Documents\New project\IJRS_ADJUDICATED_SENSITIVITY_20260618\data\features_fold3_teacher_vhr_repair_20260613\B2.csv;C:\Users\m1761\Documents\New project\IJRS_ADJUDICATED_SENSITIVITY_20260618\results\active_q25_rerun\variogram_choice.json,42,OK,,mondrian_class_conditional,B2,RandomForest,spatial,5,forest,83,1.0,0.0
20260618T163557Z,d3a51614aff30e8a8fb911715c1237164a2c427fdc17169e8c62170c04ff20b7,C:\Users\m1761\Documents\New project\IJRS_ADJUDICATED_SENSITIVITY_20260618\data\reference_samples_verified_622_public.csv;C:\Users\m1761\Documents\New project\IJRS_ADJUDICATED_SENSITIVITY_20260618\data\features_fold3_teacher_vhr_repair_20260613\B2.csv;C:\Users\m1761\Documents\New project\IJRS_ADJUDICATED_SENSITIVITY_20260618\results\active_q25_rerun\variogram_choice.json,42,OK,,mondrian_class_conditional,B2,RandomForest,spatial,6,builtup_other,49,0.806,0.19399999999999995
20260618T163557Z,d3a51614aff30e8a8fb911715c1237164a2c427fdc17169e8c62170c04ff20b7,C:\Users\m1761\Documents\New project\IJRS_ADJUDICATED_SENSITIVITY_20260618\data\reference_samples_verified_622_public.csv;C:\Users\m1761\Documents\New project\IJRS_ADJUDICATED_SENSITIVITY_20260618\data\features_fold3_teacher_vhr_repair_20260613\B2.csv;C:\Users\m1761\Documents\New project\IJRS_ADJUDICATED_SENSITIVITY_20260618\results\active_q25_rerun\variogram_choice.json,42,OK,,mondrian_class_conditional,B2,XGBoost,random,1,oil_palm,54,0.8721490502357483,0.1278509497642517
20260618T163557Z,d3a51614aff30e8a8fb911715c1237164a2c427fdc17169e8c62170c04ff20b7,C:\Users\m1761\Documents\New project\IJRS_ADJUDICATED_SENSITIVITY_20260618\data\reference_samples_verified_622_public.csv;C:\Users\m1761\Documents\New project\IJRS_ADJUDICATED_SENSITIVITY_20260618\data\features_fold3_teacher_vhr_repair_20260613\B2.csv;C:\Users\m1761\Documents\New project\IJRS_ADJUDICATED_SENSITIVITY_20260618\results\active_q25_rerun\variogram_choice.json,42,OK,,mondrian_class_conditional,B2,XGBoost,random,2,rubber,53,0.8880234360694885,0.11197656393051147
20260618T163557Z,d3a51614aff30e8a8fb911715c1237164a2c427fdc17169e8c62170c04ff20b7,C:\Users\m1761\Documents\New project\IJRS_ADJUDICATED_SENSITIVITY_20260618\data\reference_samples_verified_622_public.csv;C:\Users\m1761\Documents\New project\IJRS_ADJUDICATED_SENSITIVITY_20260618\data\features_fold3_teacher_vhr_repair_20260613\B2.csv;C:\Users\m1761\Documents\New project\IJRS_ADJUDICATED_SENSITIVITY_20260618\results\active_q25_rerun\variogram_choice.json,42,OK,,mondrian_class_conditional,B2,XGBoost,random,3,paddy,53,0.9776694774627686,0.022330522537231445
20260618T163557Z,d3a51614aff30e8a8fb911715c1237164a2c427fdc17169e8c62170c04ff20b7,C:\Users\m1761\Documents\New project\IJRS_ADJUDICATED_SENSITIVITY_20260618\data\reference_samples_verified_622_public.csv;C:\Users\m1761\Documents\New project\IJRS_ADJUDICATED_SENSITIVITY_20260618\data\features_fold3_teacher_vhr_repair_20260613\B2.csv;C:\Users\m1761\Documents\New project\IJRS_ADJUDICATED_SENSITIVITY_20260618\results\active_q25_rerun\variogram_choice.json,42,OK,,mondrian_class_conditional,B2,XGBoost,random,4,other_agri,44,0.947744607925415,0.05225539207458496
20260618T163557Z,d3a51614aff30e8a8fb911715c1237164a2c427fdc17169e8c62170c04ff20b7,C:\Users\m1761\Documents\New project\IJRS_ADJUDICATED_SENSITIVITY_20260618\data\reference_samples_verified_622_public.csv;C:\Users\m1761\Documents\New project\IJRS_ADJUDICATED_SENSITIVITY_20260618\data\features_fold3_teacher_vhr_repair_20260613\B2.csv;C:\Users\m1761\Documents\New project\IJRS_ADJUDICATED_SENSITIVITY_20260618\results\active_q25_rerun\variogram_choice.json,42,OK,,mondrian_class_conditional,B2,XGBoost,random,5,forest,64,0.8029051423072815,0.1970948576927185
20260618T163557Z,d3a51614aff30e8a8fb911715c1237164a2c427fdc17169e8c62170c04ff20b7,C:\Users\m1761\Documents\New project\IJRS_ADJUDICATED_SENSITIVITY_20260618\data\reference_samples_verified_622_public.csv;C:\Users\m1761\Documents\New project\IJRS_ADJUDICATED_SENSITIVITY_20260618\data\features_fold3_teacher_vhr_repair_20260613\B2.csv;C:\Users\m1761\Documents\New project\IJRS_ADJUDICATED_SENSITIVITY_20260618\results\active_q25_rerun\variogram_choice.json,42,OK,,mondrian_class_conditional,B2,XGBoost,random,6,builtup_other,43,0.8413553833961487,0.15864461660385132
20260618T163557Z,d3a51614aff30e8a8fb911715c1237164a2c427fdc17169e8c62170c04ff20b7,C:\Users\m1761\Documents\New project\IJRS_ADJUDICATED_SENSITIVITY_20260618\data\reference_samples_verified_622_public.csv;C:\Users\m1761\Documents\New project\IJRS_ADJUDICATED_SENSITIVITY_20260618\data\features_fold3_teacher_vhr_repair_20260613\B2.csv;C:\Users\m1761\Documents\New project\IJRS_ADJUDICATED_SENSITIVITY_20260618\results\active_q25_rerun\variogram_choice.json,42,OK,,mondrian_class_conditional,B2,XGBoost,spatial,1,oil_palm,84,0.6531206369400024,0.34687936305999756
20260618T163557Z,d3a51614aff30e8a8fb911715c1237164a2c427fdc17169e8c62170c04ff20b7,C:\Users\m1761\Documents\New project\IJRS_ADJUDICATED_SENSITIVITY_20260618\data\reference_samples_verified_622_public.csv;C:\Users\m1761\Documents\New project\IJRS_ADJUDICATED_SENSITIVITY_20260618\data\features_fold3_teacher_vhr_repair_20260613\B2.csv;C:\Users\m1761\Documents\New project\IJRS_ADJUDICATED_SENSITIVITY_20260618\results\active_q25_rerun\variogram_choice.json,42,OK,,mondrian_class_conditional,B2,XGBoost,spatial,2,rubber,52,0.8814125657081604,0.1185874342918396
20260618T163557Z,d3a51614aff30e8a8fb911715c1237164a2c427fdc17169e8c62170c04ff20b7,C:\Users\m1761\Documents\New project\IJRS_ADJUDICATED_SENSITIVITY_20260618\data\reference_samples_verified_622_public.csv;C:\Users\m1761\Documents\New project\IJRS_ADJUDICATED_SENSITIVITY_20260618\data\features_fold3_teacher_vhr_repair_20260613\B2.csv;C:\Users\m1761\Documents\New project\IJRS_ADJUDICATED_SENSITIVITY_20260618\results\active_q25_rerun\variogram_choice.json,42,OK,,mondrian_class_conditional,B2,XGBoost,spatial,3,paddy,39,0.9969773292541504,0.0030226707458496094
20260618T163557Z,d3a51614aff30e8a8fb911715c1237164a2c427fdc17169e8c62170c04ff20b7,C:\Users\m1761\Documents\New project\IJRS_ADJUDICATED_SENSITIVITY_20260618\data\reference_samples_verified_622_public.csv;C:\Users\m1761\Documents\New project\IJRS_ADJUDICATED_SENSITIVITY_20260618\data\features_fold3_teacher_vhr_repair_20260613\B2.csv;C:\Users\m1761\Documents\New project\IJRS_ADJUDICATED_SENSITIVITY_20260618\results\active_q25_rerun\variogram_choice.json,42,OK,,mondrian_class_conditional,B2,XGBoost,spatial,4,other_agri,55,0.9767206311225891,0.02327936887741089
20260618T163557Z,d3a51614aff30e8a8fb911715c1237164a2c427fdc17169e8c62170c04ff20b7,C:\Users\m1761\Documents\New project\IJRS_ADJUDICATED_SENSITIVITY_20260618\data\reference_samples_verified_622_public.csv;C:\Users\m1761\Documents\New project\IJRS_ADJUDICATED_SENSITIVITY_20260618\data\features_fold3_teacher_vhr_repair_20260613\B2.csv;C:\Users\m1761\Documents\New project\IJRS_ADJUDICATED_SENSITIVITY_20260618\results\active_q25_rerun\variogram_choice.json,42,OK,,mondrian_class_conditional,B2,XGBoost,spatial,5,forest,83,0.9958662986755371,0.004133701324462891
20260618T163557Z,d3a51614aff30e8a8fb911715c1237164a2c427fdc17169e8c62170c04ff20b7,C:\Users\m1761\Documents\New project\IJRS_ADJUDICATED_SENSITIVITY_20260618\data\reference_samples_verified_622_public.csv;C:\Users\m1761\Documents\New project\IJRS_ADJUDICATED_SENSITIVITY_20260618\data\features_fold3_teacher_vhr_repair_20260613\B2.csv;C:\Users\m1761\Documents\New project\IJRS_ADJUDICATED_SENSITIVITY_20260618\results\active_q25_rerun\variogram_choice.json,42,OK,,mondrian_class_conditional,B2,XGBoost,spatial,6,builtup_other,49,0.9413624405860901,0.05863755941390991
20260618T163557Z,d3a51614aff30e8a8fb911715c1237164a2c427fdc17169e8c62170c04ff20b7,C:\Users\m1761\Documents\New project\IJRS_ADJUDICATED_SENSITIVITY_20260618\data\reference_samples_verified_622_public.csv;C:\Users\m1761\Documents\New project\IJRS_ADJUDICATED_SENSITIVITY_20260618\data\features_fold3_teacher_vhr_repair_20260613\B3.csv;C:\Users\m1761\Documents\New project\IJRS_ADJUDICATED_SENSITIVITY_20260618\results\active_q25_rerun\variogram_choice.json,42,OK,,mondrian_class_conditional,B3,RandomForest,random,1,oil_palm,54,0.846,0.15400000000000003
20260618T163557Z,d3a51614aff30e8a8fb911715c1237164a2c427fdc17169e8c62170c04ff20b7,C:\Users\m1761\Documents\New project\IJRS_ADJUDICATED_SENSITIVITY_20260618\data\reference_samples_verified_622_public.csv;C:\Users\m1761\Documents\New project\IJRS_ADJUDICATED_SENSITIVITY_20260618\data\features_fold3_teacher_vhr_repair_20260613\B3.csv;C:\Users\m1761\Documents\New project\IJRS_ADJUDICATED_SENSITIVITY_20260618\results\active_q25_rerun\variogram_choice.json,42,OK,,mondrian_class_conditional,B3,RandomForest,random,2,rubber,53,0.786,0.21399999999999997
20260618T163557Z,d3a51614aff30e8a8fb911715c1237164a2c427fdc17169e8c62170c04ff20b7,C:\Users\m1761\Documents\New project\IJRS_ADJUDICATED_SENSITIVITY_20260618\data\reference_samples_verified_622_public.csv;C:\Users\m1761\Documents\New project\IJRS_ADJUDICATED_SENSITIVITY_20260618\data\features_fold3_teacher_vhr_repair_20260613\B3.csv;C:\Users\m1761\Documents\New project\IJRS_ADJUDICATED_SENSITIVITY_20260618\results\active_q25_rerun\variogram_choice.json,42,OK,,mondrian_class_conditional,B3,RandomForest,random,3,paddy,53,0.856,0.14400000000000002
20260618T163557Z,d3a51614aff30e8a8fb911715c1237164a2c427fdc17169e8c62170c04ff20b7,C:\Users\m1761\Documents\New project\IJRS_ADJUDICATED_SENSITIVITY_20260618\data\reference_samples_verified_622_public.csv;C:\Users\m1761\Documents\New project\IJRS_ADJUDICATED_SENSITIVITY_20260618\data\features_fold3_teacher_vhr_repair_20260613\B3.csv;C:\Users\m1761\Documents\New project\IJRS_ADJUDICATED_SENSITIVITY_20260618\results\active_q25_rerun\variogram_choice.json,42,OK,,mondrian_class_conditional,B3,RandomForest,random,4,other_agri,44,0.862,0.138
20260618T163557Z,d3a51614aff30e8a8fb911715c1237164a2c427fdc17169e8c62170c04ff20b7,C:\Users\m1761\Documents\New project\IJRS_ADJUDICATED_SENSITIVITY_20260618\data\reference_samples_verified_622_public.csv;C:\Users\m1761\Documents\New project\IJRS_ADJUDICATED_SENSITIVITY_20260618\data\features_fold3_teacher_vhr_repair_20260613\B3.csv;C:\Users\m1761\Documents\New project\IJRS_ADJUDICATED_SENSITIVITY_20260618\results\active_q25_rerun\variogram_choice.json,42,OK,,mondrian_class_conditional,B3,RandomForest,random,5,forest,64,0.776,0.22399999999999998
20260618T163557Z,d3a51614aff30e8a8fb911715c1237164a2c427fdc17169e8c62170c04ff20b7,C:\Users\m1761\Documents\New project\IJRS_ADJUDICATED_SENSITIVITY_20260618\data\reference_samples_verified_622_public.csv;C:\Users\m1761\Documents\New project\IJRS_ADJUDICATED_SENSITIVITY_20260618\data\features_fold3_teacher_vhr_repair_20260613\B3.csv;C:\Users\m1761\Documents\New project\IJRS_ADJUDICATED_SENSITIVITY_20260618\results\active_q25_rerun\variogram_choice.json,42,OK,,mondrian_class_conditional,B3,RandomForest,random,6,builtup_other,43,0.768,0.23199999999999998
20260618T163557Z,d3a51614aff30e8a8fb911715c1237164a2c427fdc17169e8c62170c04ff20b7,C:\Users\m1761\Documents\New project\IJRS_ADJUDICATED_SENSITIVITY_20260618\data\reference_samples_verified_622_public.csv;C:\Users\m1761\Documents\New project\IJRS_ADJUDICATED_SENSITIVITY_20260618\data\features_fold3_teacher_vhr_repair_20260613\B3.csv;C:\Users\m1761\Documents\New project\IJRS_ADJUDICATED_SENSITIVITY_20260618\results\active_q25_rerun\variogram_choice.json,42,OK,,mondrian_class_conditional,B3,RandomForest,spatial,1,oil_palm,84,0.648,0.352
20260618T163557Z,d3a51614aff30e8a8fb911715c1237164a2c427fdc17169e8c62170c04ff20b7,C:\Users\m1761\Documents\New project\IJRS_ADJUDICATED_SENSITIVITY_20260618\data\reference_samples_verified_622_public.csv;C:\Users\m1761\Documents\New project\IJRS_ADJUDICATED_SENSITIVITY_20260618\data\features_fold3_teacher_vhr_repair_20260613\B3.csv;C:\Users\m1761\Documents\New project\IJRS_ADJUDICATED_SENSITIVITY_20260618\results\active_q25_rerun\variogram_choice.json,42,OK,,mondrian_class_conditional,B3,RandomForest,spatial,2,rubber,52,0.712,0.28800000000000003
20260618T163557Z,d3a51614aff30e8a8fb911715c1237164a2c427fdc17169e8c62170c04ff20b7,C:\Users\m1761\Documents\New project\IJRS_ADJUDICATED_SENSITIVITY_20260618\data\reference_samples_verified_622_public.csv;C:\Users\m1761\Documents\New project\IJRS_ADJUDICATED_SENSITIVITY_20260618\data\features_fold3_teacher_vhr_repair_20260613\B3.csv;C:\Users\m1761\Documents\New project\IJRS_ADJUDICATED_SENSITIVITY_20260618\results\active_q25_rerun\variogram_choice.json,42,OK,,mondrian_class_conditional,B3,RandomForest,spatial,3,paddy,39,0.99,0.010000000000000009
20260618T163557Z,d3a51614aff30e8a8fb911715c1237164a2c427fdc17169e8c62170c04ff20b7,C:\Users\m1761\Documents\New project\IJRS_ADJUDICATED_SENSITIVITY_20260618\data\reference_samples_verified_622_public.csv;C:\Users\m1761\Documents\New project\IJRS_ADJUDICATED_SENSITIVITY_20260618\data\features_fold3_teacher_vhr_repair_20260613\B3.csv;C:\Users\m1761\Documents\New project\IJRS_ADJUDICATED_SENSITIVITY_20260618\results\active_q25_rerun\variogram_choice.json,42,OK,,mondrian_class_conditional,B3,RandomForest,spatial,4,other_agri,55,0.912,0.08799999999999997
20260618T163557Z,d3a51614aff30e8a8fb911715c1237164a2c427fdc17169e8c62170c04ff20b7,C:\Users\m1761\Documents\New project\IJRS_ADJUDICATED_SENSITIVITY_20260618\data\reference_samples_verified_622_public.csv;C:\Users\m1761\Documents\New project\IJRS_ADJUDICATED_SENSITIVITY_20260618\data\features_fold3_teacher_vhr_repair_20260613\B3.csv;C:\Users\m1761\Documents\New project\IJRS_ADJUDICATED_SENSITIVITY_20260618\results\active_q25_rerun\variogram_choice.json,42,OK,,mondrian_class_conditional,B3,RandomForest,spatial,5,forest,83,1.0,0.0
20260618T163557Z,d3a51614aff30e8a8fb911715c1237164a2c427fdc17169e8c62170c04ff20b7,C:\Users\m1761\Documents\New project\IJRS_ADJUDICATED_SENSITIVITY_20260618\data\reference_samples_verified_622_public.csv;C:\Users\m1761\Documents\New project\IJRS_ADJUDICATED_SENSITIVITY_20260618\data\features_fold3_teacher_vhr_repair_20260613\B3.csv;C:\Users\m1761\Documents\New project\IJRS_ADJUDICATED_SENSITIVITY_20260618\results\active_q25_rerun\variogram_choice.json,42,OK,,mondrian_class_conditional,B3,RandomForest,spatial,6,builtup_other,49,0.812,0.18799999999999994
20260618T163557Z,d3a51614aff30e8a8fb911715c1237164a2c427fdc17169e8c62170c04ff20b7,C:\Users\m1761\Documents\New project\IJRS_ADJUDICATED_SENSITIVITY_20260618\data\reference_samples_verified_622_public.csv;C:\Users\m1761\Documents\New project\IJRS_ADJUDICATED_SENSITIVITY_20260618\data\features_fold3_teacher_vhr_repair_20260613\B3.csv;C:\Users\m1761\Documents\New project\IJRS_ADJUDICATED_SENSITIVITY_20260618\results\active_q25_rerun\variogram_choice.json,42,OK,,mondrian_class_conditional,B3,XGBoost,random,1,oil_palm,54,0.8947890400886536,0.10521095991134644
20260618T163557Z,d3a51614aff30e8a8fb911715c1237164a2c427fdc17169e8c62170c04ff20b7,C:\Users\m1761\Documents\New project\IJRS_ADJUDICATED_SENSITIVITY_20260618\data\reference_samples_verified_622_public.csv;C:\Users\m1761\Documents\New project\IJRS_ADJUDICATED_SENSITIVITY_20260618\data\features_fold3_teacher_vhr_repair_20260613\B3.csv;C:\Users\m1761\Documents\New project\IJRS_ADJUDICATED_SENSITIVITY_20260618\results\active_q25_rerun\variogram_choice.json,42,OK,,mondrian_class_conditional,B3,XGBoost,random,2,rubber,53,0.8919939994812012,0.10800600051879883
20260618T163557Z,d3a51614aff30e8a8fb911715c1237164a2c427fdc17169e8c62170c04ff20b7,C:\Users\m1761\Documents\New project\IJRS_ADJUDICATED_SENSITIVITY_20260618\data\reference_samples_verified_622_public.csv;C:\Users\m1761\Documents\New project\IJRS_ADJUDICATED_SENSITIVITY_20260618\data\features_fold3_teacher_vhr_repair_20260613\B3.csv;C:\Users\m1761\Documents\New project\IJRS_ADJUDICATED_SENSITIVITY_20260618\results\active_q25_rerun\variogram_choice.json,42,OK,,mondrian_class_conditional,B3,XGBoost,random,3,paddy,53,0.975435733795166,0.024564266204833984
20260618T163557Z,d3a51614aff30e8a8fb911715c1237164a2c427fdc17169e8c62170c04ff20b7,C:\Users\m1761\Documents\New project\IJRS_ADJUDICATED_SENSITIVITY_20260618\data\reference_samples_verified_622_public.csv;C:\Users\m1761\Documents\New project\IJRS_ADJUDICATED_SENSITIVITY_20260618\data\features_fold3_teacher_vhr_repair_20260613\B3.csv;C:\Users\m1761\Documents\New project\IJRS_ADJUDICATED_SENSITIVITY_20260618\results\active_q25_rerun\variogram_choice.json,42,OK,,mondrian_class_conditional,B3,XGBoost,random,4,other_agri,44,0.9413904547691345,0.05860954523086548
20260618T163557Z,d3a51614aff30e8a8fb911715c1237164a2c427fdc17169e8c62170c04ff20b7,C:\Users\m1761\Documents\New project\IJRS_ADJUDICATED_SENSITIVITY_20260618\data\reference_samples_verified_622_public.csv;C:\Users\m1761\Documents\New project\IJRS_ADJUDICATED_SENSITIVITY_20260618\data\features_fold3_teacher_vhr_repair_20260613\B3.csv;C:\Users\m1761\Documents\New project\IJRS_ADJUDICATED_SENSITIVITY_20260618\results\active_q25_rerun\variogram_choice.json,42,OK,,mondrian_class_conditional,B3,XGBoost,random,5,forest,64,0.8159840106964111,0.18401598930358887
20260618T163557Z,d3a51614aff30e8a8fb911715c1237164a2c427fdc17169e8c62170c04ff20b7,C:\Users\m1761\Documents\New project\IJRS_ADJUDICATED_SENSITIVITY_20260618\data\reference_samples_verified_622_public.csv;C:\Users\m1761\Documents\New project\IJRS_ADJUDICATED_SENSITIVITY_20260618\data\features_fold3_teacher_vhr_repair_20260613\B3.csv;C:\Users\m1761\Documents\New project\IJRS_ADJUDICATED_SENSITIVITY_20260618\results\active_q25_rerun\variogram_choice.json,42,OK,,mondrian_class_conditional,B3,XGBoost,random,6,builtup_other,43,0.7185966968536377,0.2814033031463623
20260618T163557Z,d3a51614aff30e8a8fb911715c1237164a2c427fdc17169e8c62170c04ff20b7,C:\Users\m1761\Documents\New project\IJRS_ADJUDICATED_SENSITIVITY_20260618\data\reference_samples_verified_622_public.csv;C:\Users\m1761\Documents\New project\IJRS_ADJUDICATED_SENSITIVITY_20260618\data\features_fold3_teacher_vhr_repair_20260613\B3.csv;C:\Users\m1761\Documents\New project\IJRS_ADJUDICATED_SENSITIVITY_20260618\results\active_q25_rerun\variogram_choice.json,42,OK,,mondrian_class_conditional,B3,XGBoost,spatial,1,oil_palm,84,0.6316863894462585,0.36831361055374146
20260618T163557Z,d3a51614aff30e8a8fb911715c1237164a2c427fdc17169e8c62170c04ff20b7,C:\Users\m1761\Documents\New project\IJRS_ADJUDICATED_SENSITIVITY_20260618\data\reference_samples_verified_622_public.csv;C:\Users\m1761\Documents\New project\IJRS_ADJUDICATED_SENSITIVITY_20260618\data\features_fold3_teacher_vhr_repair_20260613\B3.csv;C:\Users\m1761\Documents\New project\IJRS_ADJUDICATED_SENSITIVITY_20260618\results\active_q25_rerun\variogram_choice.json,42,OK,,mondrian_class_conditional,B3,XGBoost,spatial,2,rubber,52,0.8990309238433838,0.10096907615661621
20260618T163557Z,d3a51614aff30e8a8fb911715c1237164a2c427fdc17169e8c62170c04ff20b7,C:\Users\m1761\Documents\New project\IJRS_ADJUDICATED_SENSITIVITY_20260618\data\reference_samples_verified_622_public.csv;C:\Users\m1761\Documents\New project\IJRS_ADJUDICATED_SENSITIVITY_20260618\data\features_fold3_teacher_vhr_repair_20260613\B3.csv;C:\Users\m1761\Documents\New project\IJRS_ADJUDICATED_SENSITIVITY_20260618\results\active_q25_rerun\variogram_choice.json,42,OK,,mondrian_class_conditional,B3,XGBoost,spatial,3,paddy,39,0.9971901774406433,0.0028098225593566895
20260618T163557Z,d3a51614aff30e8a8fb911715c1237164a2c427fdc17169e8c62170c04ff20b7,C:\Users\m1761\Documents\New project\IJRS_ADJUDICATED_SENSITIVITY_20260618\data\reference_samples_verified_622_public.csv;C:\Users\m1761\Documents\New project\IJRS_ADJUDICATED_SENSITIVITY_20260618\data\features_fold3_teacher_vhr_repair_20260613\B3.csv;C:\Users\m1761\Documents\New project\IJRS_ADJUDICATED_SENSITIVITY_20260618\results\active_q25_rerun\variogram_choice.json,42,OK,,mondrian_class_conditional,B3,XGBoost,spatial,4,other_agri,55,0.9721450209617615,0.027854979038238525
20260618T163557Z,d3a51614aff30e8a8fb911715c1237164a2c427fdc17169e8c62170c04ff20b7,C:\Users\m1761\Documents\New project\IJRS_ADJUDICATED_SENSITIVITY_20260618\data\reference_samples_verified_622_public.csv;C:\Users\m1761\Documents\New project\IJRS_ADJUDICATED_SENSITIVITY_20260618\data\features_fold3_teacher_vhr_repair_20260613\B3.csv;C:\Users\m1761\Documents\New project\IJRS_ADJUDICATED_SENSITIVITY_20260618\results\active_q25_rerun\variogram_choice.json,42,OK,,mondrian_class_conditional,B3,XGBoost,spatial,5,forest,83,0.9964578151702881,0.003542184829711914
20260618T163557Z,d3a51614aff30e8a8fb911715c1237164a2c427fdc17169e8c62170c04ff20b7,C:\Users\m1761\Documents\New project\IJRS_ADJUDICATED_SENSITIVITY_20260618\data\reference_samples_verified_622_public.csv;C:\Users\m1761\Documents\New project\IJRS_ADJUDICATED_SENSITIVITY_20260618\data\features_fold3_teacher_vhr_repair_20260613\B3.csv;C:\Users\m1761\Documents\New project\IJRS_ADJUDICATED_SENSITIVITY_20260618\results\active_q25_rerun\variogram_choice.json,42,OK,,mondrian_class_conditional,B3,XGBoost,spatial,6,builtup_other,49,0.9552847146987915,0.044715285301208496
