timestamp,config_hash,input_files,random_seed,status,reason,scenario,range_multiplier,block_distance_m,stack,stack_label,model,fold,oa,macro_f1,n_train,n_test,buffered_out_count,n_spatial_cells,zero_leakage_assertion,minimum_train_test_distance_m,classes_train,classes_test
20260612T173903Z,13c231aedc6c4af000cc8e3d111c543a4f647b4d8bedc4a01eb286ff8f65d8e5,D:/Moved_From_C_2026-06-12/Users/m1761/Documents/New project/data/reference_samples_verified_622_public.csv;D:/Moved_From_C_2026-06-12/Users/m1761/Documents/New project/data/features_fold3_teacher_vhr_repair_20260613/B0.csv;D:/Moved_From_C_2026-06-12/Users/m1761/Documents/New project/results/active_q25_rerun/variogram_choice.json,42,OK,,variogram_range_1.00x,1.0,126783.51747145985,B0,S2 spectral+indices,RandomForest,1,0.3548387096774194,0.36170940170940175,184,124,314,16,True,127129.75612190778,1|2|3|4|5|6,1|2|3|4|5|6
20260612T173903Z,13c231aedc6c4af000cc8e3d111c543a4f647b4d8bedc4a01eb286ff8f65d8e5,D:/Moved_From_C_2026-06-12/Users/m1761/Documents/New project/data/reference_samples_verified_622_public.csv;D:/Moved_From_C_2026-06-12/Users/m1761/Documents/New project/data/features_fold3_teacher_vhr_repair_20260613/B0.csv;D:/Moved_From_C_2026-06-12/Users/m1761/Documents/New project/results/active_q25_rerun/variogram_choice.json,42,OK,,variogram_range_1.00x,1.0,126783.51747145985,B0,S2 spectral+indices,RandomForest,2,0.4172661870503597,0.36094139388257035,104,139,379,16,True,126794.40479851734,1|2|3|4|5|6,1|2|3|4|5|6
20260612T173903Z,13c231aedc6c4af000cc8e3d111c543a4f647b4d8bedc4a01eb286ff8f65d8e5,D:/Moved_From_C_2026-06-12/Users/m1761/Documents/New project/data/reference_samples_verified_622_public.csv;D:/Moved_From_C_2026-06-12/Users/m1761/Documents/New project/data/features_fold3_teacher_vhr_repair_20260613/B0.csv;D:/Moved_From_C_2026-06-12/Users/m1761/Documents/New project/results/active_q25_rerun/variogram_choice.json,42,OK,,variogram_range_1.00x,1.0,126783.51747145985,B0,S2 spectral+indices,RandomForest,3,0.2648401826484018,0.16227453025005623,30,219,373,16,True,127599.30429506731,1|2|3|4|5|6,1|2|3|4|5|6
20260612T173903Z,13c231aedc6c4af000cc8e3d111c543a4f647b4d8bedc4a01eb286ff8f65d8e5,D:/Moved_From_C_2026-06-12/Users/m1761/Documents/New project/data/reference_samples_verified_622_public.csv;D:/Moved_From_C_2026-06-12/Users/m1761/Documents/New project/data/features_fold3_teacher_vhr_repair_20260613/B0.csv;D:/Moved_From_C_2026-06-12/Users/m1761/Documents/New project/results/active_q25_rerun/variogram_choice.json,42,OK,,variogram_range_1.00x,1.0,126783.51747145985,B0,S2 spectral+indices,RandomForest,4,0.2785714285714286,0.25048176566447283,88,140,394,16,True,127695.02619802413,1|2|3|4|5|6,1|2|3|4|5|6
20260612T173903Z,13c231aedc6c4af000cc8e3d111c543a4f647b4d8bedc4a01eb286ff8f65d8e5,D:/Moved_From_C_2026-06-12/Users/m1761/Documents/New project/data/reference_samples_verified_622_public.csv;D:/Moved_From_C_2026-06-12/Users/m1761/Documents/New project/data/features_fold3_teacher_vhr_repair_20260613/B0.csv;D:/Moved_From_C_2026-06-12/Users/m1761/Documents/New project/results/active_q25_rerun/variogram_choice.json,42,OK,,variogram_range_1.00x,1.0,126783.51747145985,B0,S2 spectral+indices,XGBoost,1,0.3951612903225806,0.41213033184864173,184,124,314,16,True,127129.75612190778,1|2|3|4|5|6,1|2|3|4|5|6
20260612T173903Z,13c231aedc6c4af000cc8e3d111c543a4f647b4d8bedc4a01eb286ff8f65d8e5,D:/Moved_From_C_2026-06-12/Users/m1761/Documents/New project/data/reference_samples_verified_622_public.csv;D:/Moved_From_C_2026-06-12/Users/m1761/Documents/New project/data/features_fold3_teacher_vhr_repair_20260613/B0.csv;D:/Moved_From_C_2026-06-12/Users/m1761/Documents/New project/results/active_q25_rerun/variogram_choice.json,42,OK,,variogram_range_1.00x,1.0,126783.51747145985,B0,S2 spectral+indices,XGBoost,2,0.4316546762589928,0.3829250459685243,104,139,379,16,True,126794.40479851734,1|2|3|4|5|6,1|2|3|4|5|6
20260612T173903Z,13c231aedc6c4af000cc8e3d111c543a4f647b4d8bedc4a01eb286ff8f65d8e5,D:/Moved_From_C_2026-06-12/Users/m1761/Documents/New project/data/reference_samples_verified_622_public.csv;D:/Moved_From_C_2026-06-12/Users/m1761/Documents/New project/data/features_fold3_teacher_vhr_repair_20260613/B0.csv;D:/Moved_From_C_2026-06-12/Users/m1761/Documents/New project/results/active_q25_rerun/variogram_choice.json,42,OK,,variogram_range_1.00x,1.0,126783.51747145985,B0,S2 spectral+indices,XGBoost,3,0.2374429223744292,0.15830343013875614,30,219,373,16,True,127599.30429506731,1|2|3|4|5|6,1|2|3|4|5|6
20260612T173903Z,13c231aedc6c4af000cc8e3d111c543a4f647b4d8bedc4a01eb286ff8f65d8e5,D:/Moved_From_C_2026-06-12/Users/m1761/Documents/New project/data/reference_samples_verified_622_public.csv;D:/Moved_From_C_2026-06-12/Users/m1761/Documents/New project/data/features_fold3_teacher_vhr_repair_20260613/B0.csv;D:/Moved_From_C_2026-06-12/Users/m1761/Documents/New project/results/active_q25_rerun/variogram_choice.json,42,OK,,variogram_range_1.00x,1.0,126783.51747145985,B0,S2 spectral+indices,XGBoost,4,0.2571428571428571,0.2476486530329578,88,140,394,16,True,127695.02619802413,1|2|3|4|5|6,1|2|3|4|5|6
20260612T173903Z,13c231aedc6c4af000cc8e3d111c543a4f647b4d8bedc4a01eb286ff8f65d8e5,D:/Moved_From_C_2026-06-12/Users/m1761/Documents/New project/data/reference_samples_verified_622_public.csv;D:/Moved_From_C_2026-06-12/Users/m1761/Documents/New project/data/features_fold3_teacher_vhr_repair_20260613/B1.csv;D:/Moved_From_C_2026-06-12/Users/m1761/Documents/New project/results/active_q25_rerun/variogram_choice.json,42,OK,,variogram_range_1.00x,1.0,126783.51747145985,B1,S1+S2,RandomForest,1,0.3387096774193548,0.30283423752644,184,124,314,16,True,127129.75612190778,1|2|3|4|5|6,1|2|3|4|5|6
20260612T173903Z,13c231aedc6c4af000cc8e3d111c543a4f647b4d8bedc4a01eb286ff8f65d8e5,D:/Moved_From_C_2026-06-12/Users/m1761/Documents/New project/data/reference_samples_verified_622_public.csv;D:/Moved_From_C_2026-06-12/Users/m1761/Documents/New project/data/features_fold3_teacher_vhr_repair_20260613/B1.csv;D:/Moved_From_C_2026-06-12/Users/m1761/Documents/New project/results/active_q25_rerun/variogram_choice.json,42,OK,,variogram_range_1.00x,1.0,126783.51747145985,B1,S1+S2,RandomForest,2,0.4748201438848921,0.4269917454668228,104,139,379,16,True,126794.40479851734,1|2|3|4|5|6,1|2|3|4|5|6
20260612T173903Z,13c231aedc6c4af000cc8e3d111c543a4f647b4d8bedc4a01eb286ff8f65d8e5,D:/Moved_From_C_2026-06-12/Users/m1761/Documents/New project/data/reference_samples_verified_622_public.csv;D:/Moved_From_C_2026-06-12/Users/m1761/Documents/New project/data/features_fold3_teacher_vhr_repair_20260613/B1.csv;D:/Moved_From_C_2026-06-12/Users/m1761/Documents/New project/results/active_q25_rerun/variogram_choice.json,42,OK,,variogram_range_1.00x,1.0,126783.51747145985,B1,S1+S2,RandomForest,3,0.3607305936073059,0.218945778623198,30,219,373,16,True,127599.30429506731,1|2|3|4|5|6,1|2|3|4|5|6
20260612T173903Z,13c231aedc6c4af000cc8e3d111c543a4f647b4d8bedc4a01eb286ff8f65d8e5,D:/Moved_From_C_2026-06-12/Users/m1761/Documents/New project/data/reference_samples_verified_622_public.csv;D:/Moved_From_C_2026-06-12/Users/m1761/Documents/New project/data/features_fold3_teacher_vhr_repair_20260613/B1.csv;D:/Moved_From_C_2026-06-12/Users/m1761/Documents/New project/results/active_q25_rerun/variogram_choice.json,42,OK,,variogram_range_1.00x,1.0,126783.51747145985,B1,S1+S2,RandomForest,4,0.4,0.36832664597370485,88,140,394,16,True,127695.02619802413,1|2|3|4|5|6,1|2|3|4|5|6
20260612T173903Z,13c231aedc6c4af000cc8e3d111c543a4f647b4d8bedc4a01eb286ff8f65d8e5,D:/Moved_From_C_2026-06-12/Users/m1761/Documents/New project/data/reference_samples_verified_622_public.csv;D:/Moved_From_C_2026-06-12/Users/m1761/Documents/New project/data/features_fold3_teacher_vhr_repair_20260613/B1.csv;D:/Moved_From_C_2026-06-12/Users/m1761/Documents/New project/results/active_q25_rerun/variogram_choice.json,42,OK,,variogram_range_1.00x,1.0,126783.51747145985,B1,S1+S2,XGBoost,1,0.3951612903225806,0.3597337800633733,184,124,314,16,True,127129.75612190778,1|2|3|4|5|6,1|2|3|4|5|6
20260612T173903Z,13c231aedc6c4af000cc8e3d111c543a4f647b4d8bedc4a01eb286ff8f65d8e5,D:/Moved_From_C_2026-06-12/Users/m1761/Documents/New project/data/reference_samples_verified_622_public.csv;D:/Moved_From_C_2026-06-12/Users/m1761/Documents/New project/data/features_fold3_teacher_vhr_repair_20260613/B1.csv;D:/Moved_From_C_2026-06-12/Users/m1761/Documents/New project/results/active_q25_rerun/variogram_choice.json,42,OK,,variogram_range_1.00x,1.0,126783.51747145985,B1,S1+S2,XGBoost,2,0.43884892086330934,0.3690833440235551,104,139,379,16,True,126794.40479851734,1|2|3|4|5|6,1|2|3|4|5|6
20260612T173903Z,13c231aedc6c4af000cc8e3d111c543a4f647b4d8bedc4a01eb286ff8f65d8e5,D:/Moved_From_C_2026-06-12/Users/m1761/Documents/New project/data/reference_samples_verified_622_public.csv;D:/Moved_From_C_2026-06-12/Users/m1761/Documents/New project/data/features_fold3_teacher_vhr_repair_20260613/B1.csv;D:/Moved_From_C_2026-06-12/Users/m1761/Documents/New project/results/active_q25_rerun/variogram_choice.json,42,OK,,variogram_range_1.00x,1.0,126783.51747145985,B1,S1+S2,XGBoost,3,0.3515981735159817,0.24511195464230073,30,219,373,16,True,127599.30429506731,1|2|3|4|5|6,1|2|3|4|5|6
20260612T173903Z,13c231aedc6c4af000cc8e3d111c543a4f647b4d8bedc4a01eb286ff8f65d8e5,D:/Moved_From_C_2026-06-12/Users/m1761/Documents/New project/data/reference_samples_verified_622_public.csv;D:/Moved_From_C_2026-06-12/Users/m1761/Documents/New project/data/features_fold3_teacher_vhr_repair_20260613/B1.csv;D:/Moved_From_C_2026-06-12/Users/m1761/Documents/New project/results/active_q25_rerun/variogram_choice.json,42,OK,,variogram_range_1.00x,1.0,126783.51747145985,B1,S1+S2,XGBoost,4,0.37857142857142856,0.38258828972278963,88,140,394,16,True,127695.02619802413,1|2|3|4|5|6,1|2|3|4|5|6
20260612T173903Z,13c231aedc6c4af000cc8e3d111c543a4f647b4d8bedc4a01eb286ff8f65d8e5,D:/Moved_From_C_2026-06-12/Users/m1761/Documents/New project/data/reference_samples_verified_622_public.csv;D:/Moved_From_C_2026-06-12/Users/m1761/Documents/New project/data/features_fold3_teacher_vhr_repair_20260613/B2.csv;D:/Moved_From_C_2026-06-12/Users/m1761/Documents/New project/results/active_q25_rerun/variogram_choice.json,42,OK,,variogram_range_1.00x,1.0,126783.51747145985,B2,AlphaEarth 64-dim embedding,RandomForest,1,0.5887096774193549,0.536237737278851,184,124,314,16,True,127129.75612190778,1|2|3|4|5|6,1|2|3|4|5|6
20260612T173903Z,13c231aedc6c4af000cc8e3d111c543a4f647b4d8bedc4a01eb286ff8f65d8e5,D:/Moved_From_C_2026-06-12/Users/m1761/Documents/New project/data/reference_samples_verified_622_public.csv;D:/Moved_From_C_2026-06-12/Users/m1761/Documents/New project/data/features_fold3_teacher_vhr_repair_20260613/B2.csv;D:/Moved_From_C_2026-06-12/Users/m1761/Documents/New project/results/active_q25_rerun/variogram_choice.json,42,OK,,variogram_range_1.00x,1.0,126783.51747145985,B2,AlphaEarth 64-dim embedding,RandomForest,2,0.5755395683453237,0.5463952177577073,104,139,379,16,True,126794.40479851734,1|2|3|4|5|6,1|2|3|4|5|6
20260612T173903Z,13c231aedc6c4af000cc8e3d111c543a4f647b4d8bedc4a01eb286ff8f65d8e5,D:/Moved_From_C_2026-06-12/Users/m1761/Documents/New project/data/reference_samples_verified_622_public.csv;D:/Moved_From_C_2026-06-12/Users/m1761/Documents/New project/data/features_fold3_teacher_vhr_repair_20260613/B2.csv;D:/Moved_From_C_2026-06-12/Users/m1761/Documents/New project/results/active_q25_rerun/variogram_choice.json,42,OK,,variogram_range_1.00x,1.0,126783.51747145985,B2,AlphaEarth 64-dim embedding,RandomForest,3,0.3698630136986301,0.20452399071417848,30,219,373,16,True,127599.30429506731,1|2|3|4|5|6,1|2|3|4|5|6
20260612T173903Z,13c231aedc6c4af000cc8e3d111c543a4f647b4d8bedc4a01eb286ff8f65d8e5,D:/Moved_From_C_2026-06-12/Users/m1761/Documents/New project/data/reference_samples_verified_622_public.csv;D:/Moved_From_C_2026-06-12/Users/m1761/Documents/New project/data/features_fold3_teacher_vhr_repair_20260613/B2.csv;D:/Moved_From_C_2026-06-12/Users/m1761/Documents/New project/results/active_q25_rerun/variogram_choice.json,42,OK,,variogram_range_1.00x,1.0,126783.51747145985,B2,AlphaEarth 64-dim embedding,RandomForest,4,0.44285714285714284,0.41940519216187894,88,140,394,16,True,127695.02619802413,1|2|3|4|5|6,1|2|3|4|5|6
20260612T173903Z,13c231aedc6c4af000cc8e3d111c543a4f647b4d8bedc4a01eb286ff8f65d8e5,D:/Moved_From_C_2026-06-12/Users/m1761/Documents/New project/data/reference_samples_verified_622_public.csv;D:/Moved_From_C_2026-06-12/Users/m1761/Documents/New project/data/features_fold3_teacher_vhr_repair_20260613/B2.csv;D:/Moved_From_C_2026-06-12/Users/m1761/Documents/New project/results/active_q25_rerun/variogram_choice.json,42,OK,,variogram_range_1.00x,1.0,126783.51747145985,B2,AlphaEarth 64-dim embedding,XGBoost,1,0.5645161290322581,0.5162432323812045,184,124,314,16,True,127129.75612190778,1|2|3|4|5|6,1|2|3|4|5|6
20260612T173903Z,13c231aedc6c4af000cc8e3d111c543a4f647b4d8bedc4a01eb286ff8f65d8e5,D:/Moved_From_C_2026-06-12/Users/m1761/Documents/New project/data/reference_samples_verified_622_public.csv;D:/Moved_From_C_2026-06-12/Users/m1761/Documents/New project/data/features_fold3_teacher_vhr_repair_20260613/B2.csv;D:/Moved_From_C_2026-06-12/Users/m1761/Documents/New project/results/active_q25_rerun/variogram_choice.json,42,OK,,variogram_range_1.00x,1.0,126783.51747145985,B2,AlphaEarth 64-dim embedding,XGBoost,2,0.5179856115107914,0.4774762994442628,104,139,379,16,True,126794.40479851734,1|2|3|4|5|6,1|2|3|4|5|6
20260612T173903Z,13c231aedc6c4af000cc8e3d111c543a4f647b4d8bedc4a01eb286ff8f65d8e5,D:/Moved_From_C_2026-06-12/Users/m1761/Documents/New project/data/reference_samples_verified_622_public.csv;D:/Moved_From_C_2026-06-12/Users/m1761/Documents/New project/data/features_fold3_teacher_vhr_repair_20260613/B2.csv;D:/Moved_From_C_2026-06-12/Users/m1761/Documents/New project/results/active_q25_rerun/variogram_choice.json,42,OK,,variogram_range_1.00x,1.0,126783.51747145985,B2,AlphaEarth 64-dim embedding,XGBoost,3,0.3333333333333333,0.18084635474303926,30,219,373,16,True,127599.30429506731,1|2|3|4|5|6,1|2|3|4|5|6
20260612T173903Z,13c231aedc6c4af000cc8e3d111c543a4f647b4d8bedc4a01eb286ff8f65d8e5,D:/Moved_From_C_2026-06-12/Users/m1761/Documents/New project/data/reference_samples_verified_622_public.csv;D:/Moved_From_C_2026-06-12/Users/m1761/Documents/New project/data/features_fold3_teacher_vhr_repair_20260613/B2.csv;D:/Moved_From_C_2026-06-12/Users/m1761/Documents/New project/results/active_q25_rerun/variogram_choice.json,42,OK,,variogram_range_1.00x,1.0,126783.51747145985,B2,AlphaEarth 64-dim embedding,XGBoost,4,0.38571428571428573,0.40498452012383895,88,140,394,16,True,127695.02619802413,1|2|3|4|5|6,1|2|3|4|5|6
20260612T173903Z,13c231aedc6c4af000cc8e3d111c543a4f647b4d8bedc4a01eb286ff8f65d8e5,D:/Moved_From_C_2026-06-12/Users/m1761/Documents/New project/data/reference_samples_verified_622_public.csv;D:/Moved_From_C_2026-06-12/Users/m1761/Documents/New project/data/features_fold3_teacher_vhr_repair_20260613/B3.csv;D:/Moved_From_C_2026-06-12/Users/m1761/Documents/New project/results/active_q25_rerun/variogram_choice.json,42,OK,,variogram_range_1.00x,1.0,126783.51747145985,B3,AlphaEarth+S1/S2,RandomForest,1,0.5806451612903226,0.530994241769769,184,124,314,16,True,127129.75612190778,1|2|3|4|5|6,1|2|3|4|5|6
20260612T173903Z,13c231aedc6c4af000cc8e3d111c543a4f647b4d8bedc4a01eb286ff8f65d8e5,D:/Moved_From_C_2026-06-12/Users/m1761/Documents/New project/data/reference_samples_verified_622_public.csv;D:/Moved_From_C_2026-06-12/Users/m1761/Documents/New project/data/features_fold3_teacher_vhr_repair_20260613/B3.csv;D:/Moved_From_C_2026-06-12/Users/m1761/Documents/New project/results/active_q25_rerun/variogram_choice.json,42,OK,,variogram_range_1.00x,1.0,126783.51747145985,B3,AlphaEarth+S1/S2,RandomForest,2,0.539568345323741,0.4959656084656085,104,139,379,16,True,126794.40479851734,1|2|3|4|5|6,1|2|3|4|5|6
20260612T173903Z,13c231aedc6c4af000cc8e3d111c543a4f647b4d8bedc4a01eb286ff8f65d8e5,D:/Moved_From_C_2026-06-12/Users/m1761/Documents/New project/data/reference_samples_verified_622_public.csv;D:/Moved_From_C_2026-06-12/Users/m1761/Documents/New project/data/features_fold3_teacher_vhr_repair_20260613/B3.csv;D:/Moved_From_C_2026-06-12/Users/m1761/Documents/New project/results/active_q25_rerun/variogram_choice.json,42,OK,,variogram_range_1.00x,1.0,126783.51747145985,B3,AlphaEarth+S1/S2,RandomForest,3,0.3698630136986301,0.20799168514788366,30,219,373,16,True,127599.30429506731,1|2|3|4|5|6,1|2|3|4|5|6
20260612T173903Z,13c231aedc6c4af000cc8e3d111c543a4f647b4d8bedc4a01eb286ff8f65d8e5,D:/Moved_From_C_2026-06-12/Users/m1761/Documents/New project/data/reference_samples_verified_622_public.csv;D:/Moved_From_C_2026-06-12/Users/m1761/Documents/New project/data/features_fold3_teacher_vhr_repair_20260613/B3.csv;D:/Moved_From_C_2026-06-12/Users/m1761/Documents/New project/results/active_q25_rerun/variogram_choice.json,42,OK,,variogram_range_1.00x,1.0,126783.51747145985,B3,AlphaEarth+S1/S2,RandomForest,4,0.44285714285714284,0.40945914639579434,88,140,394,16,True,127695.02619802413,1|2|3|4|5|6,1|2|3|4|5|6
20260612T173903Z,13c231aedc6c4af000cc8e3d111c543a4f647b4d8bedc4a01eb286ff8f65d8e5,D:/Moved_From_C_2026-06-12/Users/m1761/Documents/New project/data/reference_samples_verified_622_public.csv;D:/Moved_From_C_2026-06-12/Users/m1761/Documents/New project/data/features_fold3_teacher_vhr_repair_20260613/B3.csv;D:/Moved_From_C_2026-06-12/Users/m1761/Documents/New project/results/active_q25_rerun/variogram_choice.json,42,OK,,variogram_range_1.00x,1.0,126783.51747145985,B3,AlphaEarth+S1/S2,XGBoost,1,0.5725806451612904,0.5196867463503512,184,124,314,16,True,127129.75612190778,1|2|3|4|5|6,1|2|3|4|5|6
20260612T173903Z,13c231aedc6c4af000cc8e3d111c543a4f647b4d8bedc4a01eb286ff8f65d8e5,D:/Moved_From_C_2026-06-12/Users/m1761/Documents/New project/data/reference_samples_verified_622_public.csv;D:/Moved_From_C_2026-06-12/Users/m1761/Documents/New project/data/features_fold3_teacher_vhr_repair_20260613/B3.csv;D:/Moved_From_C_2026-06-12/Users/m1761/Documents/New project/results/active_q25_rerun/variogram_choice.json,42,OK,,variogram_range_1.00x,1.0,126783.51747145985,B3,AlphaEarth+S1/S2,XGBoost,2,0.5107913669064749,0.4679099710059463,104,139,379,16,True,126794.40479851734,1|2|3|4|5|6,1|2|3|4|5|6
20260612T173903Z,13c231aedc6c4af000cc8e3d111c543a4f647b4d8bedc4a01eb286ff8f65d8e5,D:/Moved_From_C_2026-06-12/Users/m1761/Documents/New project/data/reference_samples_verified_622_public.csv;D:/Moved_From_C_2026-06-12/Users/m1761/Documents/New project/data/features_fold3_teacher_vhr_repair_20260613/B3.csv;D:/Moved_From_C_2026-06-12/Users/m1761/Documents/New project/results/active_q25_rerun/variogram_choice.json,42,OK,,variogram_range_1.00x,1.0,126783.51747145985,B3,AlphaEarth+S1/S2,XGBoost,3,0.3561643835616438,0.21929853139203814,30,219,373,16,True,127599.30429506731,1|2|3|4|5|6,1|2|3|4|5|6
20260612T173903Z,13c231aedc6c4af000cc8e3d111c543a4f647b4d8bedc4a01eb286ff8f65d8e5,D:/Moved_From_C_2026-06-12/Users/m1761/Documents/New project/data/reference_samples_verified_622_public.csv;D:/Moved_From_C_2026-06-12/Users/m1761/Documents/New project/data/features_fold3_teacher_vhr_repair_20260613/B3.csv;D:/Moved_From_C_2026-06-12/Users/m1761/Documents/New project/results/active_q25_rerun/variogram_choice.json,42,OK,,variogram_range_1.00x,1.0,126783.51747145985,B3,AlphaEarth+S1/S2,XGBoost,4,0.39285714285714285,0.40528743028743025,88,140,394,16,True,127695.02619802413,1|2|3|4|5|6,1|2|3|4|5|6
20260612T173903Z,13c231aedc6c4af000cc8e3d111c543a4f647b4d8bedc4a01eb286ff8f65d8e5,D:/Moved_From_C_2026-06-12/Users/m1761/Documents/New project/data/reference_samples_verified_622_public.csv;D:/Moved_From_C_2026-06-12/Users/m1761/Documents/New project/data/features_fold3_teacher_vhr_repair_20260613/B0.csv;D:/Moved_From_C_2026-06-12/Users/m1761/Documents/New project/results/active_q25_rerun/variogram_choice.json,42,OK,,variogram_range_0.75x,0.75,95087.63810359489,B0,S2 spectral+indices,RandomForest,1,0.3333333333333333,0.23730158730158732,164,39,419,30,True,95194.81409825847,1|2|3|4|5|6,1|2|3|4|5
20260612T173903Z,13c231aedc6c4af000cc8e3d111c543a4f647b4d8bedc4a01eb286ff8f65d8e5,D:/Moved_From_C_2026-06-12/Users/m1761/Documents/New project/data/reference_samples_verified_622_public.csv;D:/Moved_From_C_2026-06-12/Users/m1761/Documents/New project/data/features_fold3_teacher_vhr_repair_20260613/B0.csv;D:/Moved_From_C_2026-06-12/Users/m1761/Documents/New project/results/active_q25_rerun/variogram_choice.json,42,OK,,variogram_range_0.75x,0.75,95087.63810359489,B0,S2 spectral+indices,RandomForest,2,0.19365079365079366,0.14693726653799247,22,315,285,30,True,95614.31488732493,1|2|3|4,1|2|3|4|5|6
20260612T173903Z,13c231aedc6c4af000cc8e3d111c543a4f647b4d8bedc4a01eb286ff8f65d8e5,D:/Moved_From_C_2026-06-12/Users/m1761/Documents/New project/data/reference_samples_verified_622_public.csv;D:/Moved_From_C_2026-06-12/Users/m1761/Documents/New project/data/features_fold3_teacher_vhr_repair_20260613/B0.csv;D:/Moved_From_C_2026-06-12/Users/m1761/Documents/New project/results/active_q25_rerun/variogram_choice.json,42,OK,,variogram_range_0.75x,0.75,95087.63810359489,B0,S2 spectral+indices,RandomForest,3,0.40397350993377484,0.36614687249607886,106,151,365,30,True,95691.70752673456,1|2|3|4|5|6,1|2|3|4|5|6
20260612T173903Z,13c231aedc6c4af000cc8e3d111c543a4f647b4d8bedc4a01eb286ff8f65d8e5,D:/Moved_From_C_2026-06-12/Users/m1761/Documents/New project/data/reference_samples_verified_622_public.csv;D:/Moved_From_C_2026-06-12/Users/m1761/Documents/New project/data/features_fold3_teacher_vhr_repair_20260613/B0.csv;D:/Moved_From_C_2026-06-12/Users/m1761/Documents/New project/results/active_q25_rerun/variogram_choice.json,42,OK,,variogram_range_0.75x,0.75,95087.63810359489,B0,S2 spectral+indices,RandomForest,4,0.3076923076923077,0.2843656060973548,103,117,402,30,True,95440.67445009653,1|2|3|4|5|6,1|2|3|4|5|6
20260612T173903Z,13c231aedc6c4af000cc8e3d111c543a4f647b4d8bedc4a01eb286ff8f65d8e5,D:/Moved_From_C_2026-06-12/Users/m1761/Documents/New project/data/reference_samples_verified_622_public.csv;D:/Moved_From_C_2026-06-12/Users/m1761/Documents/New project/data/features_fold3_teacher_vhr_repair_20260613/B0.csv;D:/Moved_From_C_2026-06-12/Users/m1761/Documents/New project/results/active_q25_rerun/variogram_choice.json,42,OK,,variogram_range_0.75x,0.75,95087.63810359489,B0,S2 spectral+indices,XGBoost,1,0.28205128205128205,0.2065934065934066,164,39,419,30,True,95194.81409825847,1|2|3|4|5|6,1|2|3|4|5
20260612T173903Z,13c231aedc6c4af000cc8e3d111c543a4f647b4d8bedc4a01eb286ff8f65d8e5,D:/Moved_From_C_2026-06-12/Users/m1761/Documents/New project/data/reference_samples_verified_622_public.csv;D:/Moved_From_C_2026-06-12/Users/m1761/Documents/New project/data/features_fold3_teacher_vhr_repair_20260613/B0.csv;D:/Moved_From_C_2026-06-12/Users/m1761/Documents/New project/results/active_q25_rerun/variogram_choice.json,42,OK,,variogram_range_0.75x,0.75,95087.63810359489,B0,S2 spectral+indices,XGBoost,2,0.20952380952380953,0.16567671690494226,22,315,285,30,True,95614.31488732493,1|2|3|4,1|2|3|4|5|6
20260612T173903Z,13c231aedc6c4af000cc8e3d111c543a4f647b4d8bedc4a01eb286ff8f65d8e5,D:/Moved_From_C_2026-06-12/Users/m1761/Documents/New project/data/reference_samples_verified_622_public.csv;D:/Moved_From_C_2026-06-12/Users/m1761/Documents/New project/data/features_fold3_teacher_vhr_repair_20260613/B0.csv;D:/Moved_From_C_2026-06-12/Users/m1761/Documents/New project/results/active_q25_rerun/variogram_choice.json,42,OK,,variogram_range_0.75x,0.75,95087.63810359489,B0,S2 spectral+indices,XGBoost,3,0.33774834437086093,0.31792567704912905,106,151,365,30,True,95691.70752673456,1|2|3|4|5|6,1|2|3|4|5|6
20260612T173903Z,13c231aedc6c4af000cc8e3d111c543a4f647b4d8bedc4a01eb286ff8f65d8e5,D:/Moved_From_C_2026-06-12/Users/m1761/Documents/New project/data/reference_samples_verified_622_public.csv;D:/Moved_From_C_2026-06-12/Users/m1761/Documents/New project/data/features_fold3_teacher_vhr_repair_20260613/B0.csv;D:/Moved_From_C_2026-06-12/Users/m1761/Documents/New project/results/active_q25_rerun/variogram_choice.json,42,OK,,variogram_range_0.75x,0.75,95087.63810359489,B0,S2 spectral+indices,XGBoost,4,0.358974358974359,0.3201010537991842,103,117,402,30,True,95440.67445009653,1|2|3|4|5|6,1|2|3|4|5|6
20260612T173903Z,13c231aedc6c4af000cc8e3d111c543a4f647b4d8bedc4a01eb286ff8f65d8e5,D:/Moved_From_C_2026-06-12/Users/m1761/Documents/New project/data/reference_samples_verified_622_public.csv;D:/Moved_From_C_2026-06-12/Users/m1761/Documents/New project/data/features_fold3_teacher_vhr_repair_20260613/B1.csv;D:/Moved_From_C_2026-06-12/Users/m1761/Documents/New project/results/active_q25_rerun/variogram_choice.json,42,OK,,variogram_range_0.75x,0.75,95087.63810359489,B1,S1+S2,RandomForest,1,0.38461538461538464,0.2994991936168407,164,39,419,30,True,95194.81409825847,1|2|3|4|5|6,1|2|3|4|5
20260612T173903Z,13c231aedc6c4af000cc8e3d111c543a4f647b4d8bedc4a01eb286ff8f65d8e5,D:/Moved_From_C_2026-06-12/Users/m1761/Documents/New project/data/reference_samples_verified_622_public.csv;D:/Moved_From_C_2026-06-12/Users/m1761/Documents/New project/data/features_fold3_teacher_vhr_repair_20260613/B1.csv;D:/Moved_From_C_2026-06-12/Users/m1761/Documents/New project/results/active_q25_rerun/variogram_choice.json,42,OK,,variogram_range_0.75x,0.75,95087.63810359489,B1,S1+S2,RandomForest,2,0.3047619047619048,0.21008755533855902,22,315,285,30,True,95614.31488732493,1|2|3|4,1|2|3|4|5|6
20260612T173903Z,13c231aedc6c4af000cc8e3d111c543a4f647b4d8bedc4a01eb286ff8f65d8e5,D:/Moved_From_C_2026-06-12/Users/m1761/Documents/New project/data/reference_samples_verified_622_public.csv;D:/Moved_From_C_2026-06-12/Users/m1761/Documents/New project/data/features_fold3_teacher_vhr_repair_20260613/B1.csv;D:/Moved_From_C_2026-06-12/Users/m1761/Documents/New project/results/active_q25_rerun/variogram_choice.json,42,OK,,variogram_range_0.75x,0.75,95087.63810359489,B1,S1+S2,RandomForest,3,0.44370860927152317,0.4145171957671958,106,151,365,30,True,95691.70752673456,1|2|3|4|5|6,1|2|3|4|5|6
20260612T173903Z,13c231aedc6c4af000cc8e3d111c543a4f647b4d8bedc4a01eb286ff8f65d8e5,D:/Moved_From_C_2026-06-12/Users/m1761/Documents/New project/data/reference_samples_verified_622_public.csv;D:/Moved_From_C_2026-06-12/Users/m1761/Documents/New project/data/features_fold3_teacher_vhr_repair_20260613/B1.csv;D:/Moved_From_C_2026-06-12/Users/m1761/Documents/New project/results/active_q25_rerun/variogram_choice.json,42,OK,,variogram_range_0.75x,0.75,95087.63810359489,B1,S1+S2,RandomForest,4,0.3247863247863248,0.26872259310486796,103,117,402,30,True,95440.67445009653,1|2|3|4|5|6,1|2|3|4|5|6
20260612T173903Z,13c231aedc6c4af000cc8e3d111c543a4f647b4d8bedc4a01eb286ff8f65d8e5,D:/Moved_From_C_2026-06-12/Users/m1761/Documents/New project/data/reference_samples_verified_622_public.csv;D:/Moved_From_C_2026-06-12/Users/m1761/Documents/New project/data/features_fold3_teacher_vhr_repair_20260613/B1.csv;D:/Moved_From_C_2026-06-12/Users/m1761/Documents/New project/results/active_q25_rerun/variogram_choice.json,42,OK,,variogram_range_0.75x,0.75,95087.63810359489,B1,S1+S2,XGBoost,1,0.5128205128205128,0.4199677938808373,164,39,419,30,True,95194.81409825847,1|2|3|4|5|6,1|2|3|4|5
20260612T173903Z,13c231aedc6c4af000cc8e3d111c543a4f647b4d8bedc4a01eb286ff8f65d8e5,D:/Moved_From_C_2026-06-12/Users/m1761/Documents/New project/data/reference_samples_verified_622_public.csv;D:/Moved_From_C_2026-06-12/Users/m1761/Documents/New project/data/features_fold3_teacher_vhr_repair_20260613/B1.csv;D:/Moved_From_C_2026-06-12/Users/m1761/Documents/New project/results/active_q25_rerun/variogram_choice.json,42,OK,,variogram_range_0.75x,0.75,95087.63810359489,B1,S1+S2,XGBoost,2,0.38095238095238093,0.2752082841033173,22,315,285,30,True,95614.31488732493,1|2|3|4,1|2|3|4|5|6
20260612T173903Z,13c231aedc6c4af000cc8e3d111c543a4f647b4d8bedc4a01eb286ff8f65d8e5,D:/Moved_From_C_2026-06-12/Users/m1761/Documents/New project/data/reference_samples_verified_622_public.csv;D:/Moved_From_C_2026-06-12/Users/m1761/Documents/New project/data/features_fold3_teacher_vhr_repair_20260613/B1.csv;D:/Moved_From_C_2026-06-12/Users/m1761/Documents/New project/results/active_q25_rerun/variogram_choice.json,42,OK,,variogram_range_0.75x,0.75,95087.63810359489,B1,S1+S2,XGBoost,3,0.44370860927152317,0.39288088331823984,106,151,365,30,True,95691.70752673456,1|2|3|4|5|6,1|2|3|4|5|6
20260612T173903Z,13c231aedc6c4af000cc8e3d111c543a4f647b4d8bedc4a01eb286ff8f65d8e5,D:/Moved_From_C_2026-06-12/Users/m1761/Documents/New project/data/reference_samples_verified_622_public.csv;D:/Moved_From_C_2026-06-12/Users/m1761/Documents/New project/data/features_fold3_teacher_vhr_repair_20260613/B1.csv;D:/Moved_From_C_2026-06-12/Users/m1761/Documents/New project/results/active_q25_rerun/variogram_choice.json,42,OK,,variogram_range_0.75x,0.75,95087.63810359489,B1,S1+S2,XGBoost,4,0.38461538461538464,0.29164622741213114,103,117,402,30,True,95440.67445009653,1|2|3|4|5|6,1|2|3|4|5|6
20260612T173903Z,13c231aedc6c4af000cc8e3d111c543a4f647b4d8bedc4a01eb286ff8f65d8e5,D:/Moved_From_C_2026-06-12/Users/m1761/Documents/New project/data/reference_samples_verified_622_public.csv;D:/Moved_From_C_2026-06-12/Users/m1761/Documents/New project/data/features_fold3_teacher_vhr_repair_20260613/B2.csv;D:/Moved_From_C_2026-06-12/Users/m1761/Documents/New project/results/active_q25_rerun/variogram_choice.json,42,OK,,variogram_range_0.75x,0.75,95087.63810359489,B2,AlphaEarth 64-dim embedding,RandomForest,1,0.38461538461538464,0.3124579124579125,164,39,419,30,True,95194.81409825847,1|2|3|4|5|6,1|2|3|4|5
20260612T173903Z,13c231aedc6c4af000cc8e3d111c543a4f647b4d8bedc4a01eb286ff8f65d8e5,D:/Moved_From_C_2026-06-12/Users/m1761/Documents/New project/data/reference_samples_verified_622_public.csv;D:/Moved_From_C_2026-06-12/Users/m1761/Documents/New project/data/features_fold3_teacher_vhr_repair_20260613/B2.csv;D:/Moved_From_C_2026-06-12/Users/m1761/Documents/New project/results/active_q25_rerun/variogram_choice.json,42,OK,,variogram_range_0.75x,0.75,95087.63810359489,B2,AlphaEarth 64-dim embedding,RandomForest,2,0.33015873015873015,0.19403496232764525,22,315,285,30,True,95614.31488732493,1|2|3|4,1|2|3|4|5|6
20260612T173903Z,13c231aedc6c4af000cc8e3d111c543a4f647b4d8bedc4a01eb286ff8f65d8e5,D:/Moved_From_C_2026-06-12/Users/m1761/Documents/New project/data/reference_samples_verified_622_public.csv;D:/Moved_From_C_2026-06-12/Users/m1761/Documents/New project/data/features_fold3_teacher_vhr_repair_20260613/B2.csv;D:/Moved_From_C_2026-06-12/Users/m1761/Documents/New project/results/active_q25_rerun/variogram_choice.json,42,OK,,variogram_range_0.75x,0.75,95087.63810359489,B2,AlphaEarth 64-dim embedding,RandomForest,3,0.5695364238410596,0.46228213418086833,106,151,365,30,True,95691.70752673456,1|2|3|4|5|6,1|2|3|4|5|6
20260612T173903Z,13c231aedc6c4af000cc8e3d111c543a4f647b4d8bedc4a01eb286ff8f65d8e5,D:/Moved_From_C_2026-06-12/Users/m1761/Documents/New project/data/reference_samples_verified_622_public.csv;D:/Moved_From_C_2026-06-12/Users/m1761/Documents/New project/data/features_fold3_teacher_vhr_repair_20260613/B2.csv;D:/Moved_From_C_2026-06-12/Users/m1761/Documents/New project/results/active_q25_rerun/variogram_choice.json,42,OK,,variogram_range_0.75x,0.75,95087.63810359489,B2,AlphaEarth 64-dim embedding,RandomForest,4,0.6068376068376068,0.48298502959834316,103,117,402,30,True,95440.67445009653,1|2|3|4|5|6,1|2|3|4|5|6
20260612T173903Z,13c231aedc6c4af000cc8e3d111c543a4f647b4d8bedc4a01eb286ff8f65d8e5,D:/Moved_From_C_2026-06-12/Users/m1761/Documents/New project/data/reference_samples_verified_622_public.csv;D:/Moved_From_C_2026-06-12/Users/m1761/Documents/New project/data/features_fold3_teacher_vhr_repair_20260613/B2.csv;D:/Moved_From_C_2026-06-12/Users/m1761/Documents/New project/results/active_q25_rerun/variogram_choice.json,42,OK,,variogram_range_0.75x,0.75,95087.63810359489,B2,AlphaEarth 64-dim embedding,XGBoost,1,0.38461538461538464,0.2933723196881091,164,39,419,30,True,95194.81409825847,1|2|3|4|5|6,1|2|3|4|5
20260612T173903Z,13c231aedc6c4af000cc8e3d111c543a4f647b4d8bedc4a01eb286ff8f65d8e5,D:/Moved_From_C_2026-06-12/Users/m1761/Documents/New project/data/reference_samples_verified_622_public.csv;D:/Moved_From_C_2026-06-12/Users/m1761/Documents/New project/data/features_fold3_teacher_vhr_repair_20260613/B2.csv;D:/Moved_From_C_2026-06-12/Users/m1761/Documents/New project/results/active_q25_rerun/variogram_choice.json,42,OK,,variogram_range_0.75x,0.75,95087.63810359489,B2,AlphaEarth 64-dim embedding,XGBoost,2,0.38412698412698415,0.23924017401740172,22,315,285,30,True,95614.31488732493,1|2|3|4,1|2|3|4|5|6
20260612T173903Z,13c231aedc6c4af000cc8e3d111c543a4f647b4d8bedc4a01eb286ff8f65d8e5,D:/Moved_From_C_2026-06-12/Users/m1761/Documents/New project/data/reference_samples_verified_622_public.csv;D:/Moved_From_C_2026-06-12/Users/m1761/Documents/New project/data/features_fold3_teacher_vhr_repair_20260613/B2.csv;D:/Moved_From_C_2026-06-12/Users/m1761/Documents/New project/results/active_q25_rerun/variogram_choice.json,42,OK,,variogram_range_0.75x,0.75,95087.63810359489,B2,AlphaEarth 64-dim embedding,XGBoost,3,0.5761589403973509,0.48497783104277326,106,151,365,30,True,95691.70752673456,1|2|3|4|5|6,1|2|3|4|5|6
20260612T173903Z,13c231aedc6c4af000cc8e3d111c543a4f647b4d8bedc4a01eb286ff8f65d8e5,D:/Moved_From_C_2026-06-12/Users/m1761/Documents/New project/data/reference_samples_verified_622_public.csv;D:/Moved_From_C_2026-06-12/Users/m1761/Documents/New project/data/features_fold3_teacher_vhr_repair_20260613/B2.csv;D:/Moved_From_C_2026-06-12/Users/m1761/Documents/New project/results/active_q25_rerun/variogram_choice.json,42,OK,,variogram_range_0.75x,0.75,95087.63810359489,B2,AlphaEarth 64-dim embedding,XGBoost,4,0.5726495726495726,0.44359889486560977,103,117,402,30,True,95440.67445009653,1|2|3|4|5|6,1|2|3|4|5|6
20260612T173903Z,13c231aedc6c4af000cc8e3d111c543a4f647b4d8bedc4a01eb286ff8f65d8e5,D:/Moved_From_C_2026-06-12/Users/m1761/Documents/New project/data/reference_samples_verified_622_public.csv;D:/Moved_From_C_2026-06-12/Users/m1761/Documents/New project/data/features_fold3_teacher_vhr_repair_20260613/B3.csv;D:/Moved_From_C_2026-06-12/Users/m1761/Documents/New project/results/active_q25_rerun/variogram_choice.json,42,OK,,variogram_range_0.75x,0.75,95087.63810359489,B3,AlphaEarth+S1/S2,RandomForest,1,0.4358974358974359,0.379047619047619,164,39,419,30,True,95194.81409825847,1|2|3|4|5|6,1|2|3|4|5
20260612T173903Z,13c231aedc6c4af000cc8e3d111c543a4f647b4d8bedc4a01eb286ff8f65d8e5,D:/Moved_From_C_2026-06-12/Users/m1761/Documents/New project/data/reference_samples_verified_622_public.csv;D:/Moved_From_C_2026-06-12/Users/m1761/Documents/New project/data/features_fold3_teacher_vhr_repair_20260613/B3.csv;D:/Moved_From_C_2026-06-12/Users/m1761/Documents/New project/results/active_q25_rerun/variogram_choice.json,42,OK,,variogram_range_0.75x,0.75,95087.63810359489,B3,AlphaEarth+S1/S2,RandomForest,2,0.3333333333333333,0.19640432707046818,22,315,285,30,True,95614.31488732493,1|2|3|4,1|2|3|4|5|6
20260612T173903Z,13c231aedc6c4af000cc8e3d111c543a4f647b4d8bedc4a01eb286ff8f65d8e5,D:/Moved_From_C_2026-06-12/Users/m1761/Documents/New project/data/reference_samples_verified_622_public.csv;D:/Moved_From_C_2026-06-12/Users/m1761/Documents/New project/data/features_fold3_teacher_vhr_repair_20260613/B3.csv;D:/Moved_From_C_2026-06-12/Users/m1761/Documents/New project/results/active_q25_rerun/variogram_choice.json,42,OK,,variogram_range_0.75x,0.75,95087.63810359489,B3,AlphaEarth+S1/S2,RandomForest,3,0.5894039735099338,0.5299409876848448,106,151,365,30,True,95691.70752673456,1|2|3|4|5|6,1|2|3|4|5|6
20260612T173903Z,13c231aedc6c4af000cc8e3d111c543a4f647b4d8bedc4a01eb286ff8f65d8e5,D:/Moved_From_C_2026-06-12/Users/m1761/Documents/New project/data/reference_samples_verified_622_public.csv;D:/Moved_From_C_2026-06-12/Users/m1761/Documents/New project/data/features_fold3_teacher_vhr_repair_20260613/B3.csv;D:/Moved_From_C_2026-06-12/Users/m1761/Documents/New project/results/active_q25_rerun/variogram_choice.json,42,OK,,variogram_range_0.75x,0.75,95087.63810359489,B3,AlphaEarth+S1/S2,RandomForest,4,0.5811965811965812,0.4740292817712963,103,117,402,30,True,95440.67445009653,1|2|3|4|5|6,1|2|3|4|5|6
20260612T173903Z,13c231aedc6c4af000cc8e3d111c543a4f647b4d8bedc4a01eb286ff8f65d8e5,D:/Moved_From_C_2026-06-12/Users/m1761/Documents/New project/data/reference_samples_verified_622_public.csv;D:/Moved_From_C_2026-06-12/Users/m1761/Documents/New project/data/features_fold3_teacher_vhr_repair_20260613/B3.csv;D:/Moved_From_C_2026-06-12/Users/m1761/Documents/New project/results/active_q25_rerun/variogram_choice.json,42,OK,,variogram_range_0.75x,0.75,95087.63810359489,B3,AlphaEarth+S1/S2,XGBoost,1,0.4358974358974359,0.35940988835725673,164,39,419,30,True,95194.81409825847,1|2|3|4|5|6,1|2|3|4|5
20260612T173903Z,13c231aedc6c4af000cc8e3d111c543a4f647b4d8bedc4a01eb286ff8f65d8e5,D:/Moved_From_C_2026-06-12/Users/m1761/Documents/New project/data/reference_samples_verified_622_public.csv;D:/Moved_From_C_2026-06-12/Users/m1761/Documents/New project/data/features_fold3_teacher_vhr_repair_20260613/B3.csv;D:/Moved_From_C_2026-06-12/Users/m1761/Documents/New project/results/active_q25_rerun/variogram_choice.json,42,OK,,variogram_range_0.75x,0.75,95087.63810359489,B3,AlphaEarth+S1/S2,XGBoost,2,0.38412698412698415,0.23823784988833532,22,315,285,30,True,95614.31488732493,1|2|3|4,1|2|3|4|5|6
20260612T173903Z,13c231aedc6c4af000cc8e3d111c543a4f647b4d8bedc4a01eb286ff8f65d8e5,D:/Moved_From_C_2026-06-12/Users/m1761/Documents/New project/data/reference_samples_verified_622_public.csv;D:/Moved_From_C_2026-06-12/Users/m1761/Documents/New project/data/features_fold3_teacher_vhr_repair_20260613/B3.csv;D:/Moved_From_C_2026-06-12/Users/m1761/Documents/New project/results/active_q25_rerun/variogram_choice.json,42,OK,,variogram_range_0.75x,0.75,95087.63810359489,B3,AlphaEarth+S1/S2,XGBoost,3,0.5695364238410596,0.5040054631378832,106,151,365,30,True,95691.70752673456,1|2|3|4|5|6,1|2|3|4|5|6
20260612T173903Z,13c231aedc6c4af000cc8e3d111c543a4f647b4d8bedc4a01eb286ff8f65d8e5,D:/Moved_From_C_2026-06-12/Users/m1761/Documents/New project/data/reference_samples_verified_622_public.csv;D:/Moved_From_C_2026-06-12/Users/m1761/Documents/New project/data/features_fold3_teacher_vhr_repair_20260613/B3.csv;D:/Moved_From_C_2026-06-12/Users/m1761/Documents/New project/results/active_q25_rerun/variogram_choice.json,42,OK,,variogram_range_0.75x,0.75,95087.63810359489,B3,AlphaEarth+S1/S2,XGBoost,4,0.5897435897435898,0.4542665681683859,103,117,402,30,True,95440.67445009653,1|2|3|4|5|6,1|2|3|4|5|6
20260612T173903Z,13c231aedc6c4af000cc8e3d111c543a4f647b4d8bedc4a01eb286ff8f65d8e5,D:/Moved_From_C_2026-06-12/Users/m1761/Documents/New project/data/reference_samples_verified_622_public.csv;D:/Moved_From_C_2026-06-12/Users/m1761/Documents/New project/data/features_fold3_teacher_vhr_repair_20260613/B0.csv;D:/Moved_From_C_2026-06-12/Users/m1761/Documents/New project/results/active_q25_rerun/variogram_choice.json,42,OK,,variogram_range_0.50x,0.5,63391.75873572993,B0,S2 spectral+indices,RandomForest,1,0.26256983240223464,0.24010841707142813,112,179,331,49,True,64064.144295411024,1|2|3|4|5|6,1|2|3|4|5|6
20260612T173903Z,13c231aedc6c4af000cc8e3d111c543a4f647b4d8bedc4a01eb286ff8f65d8e5,D:/Moved_From_C_2026-06-12/Users/m1761/Documents/New project/data/reference_samples_verified_622_public.csv;D:/Moved_From_C_2026-06-12/Users/m1761/Documents/New project/data/features_fold3_teacher_vhr_repair_20260613/B0.csv;D:/Moved_From_C_2026-06-12/Users/m1761/Documents/New project/results/active_q25_rerun/variogram_choice.json,42,OK,,variogram_range_0.50x,0.5,63391.75873572993,B0,S2 spectral+indices,RandomForest,2,0.3511450381679389,0.30508873261461084,52,262,308,49,True,63439.602330234535,1|2|3|4|5|6,1|2|3|4|5|6
20260612T173903Z,13c231aedc6c4af000cc8e3d111c543a4f647b4d8bedc4a01eb286ff8f65d8e5,D:/Moved_From_C_2026-06-12/Users/m1761/Documents/New project/data/reference_samples_verified_622_public.csv;D:/Moved_From_C_2026-06-12/Users/m1761/Documents/New project/data/features_fold3_teacher_vhr_repair_20260613/B0.csv;D:/Moved_From_C_2026-06-12/Users/m1761/Documents/New project/results/active_q25_rerun/variogram_choice.json,42,OK,,variogram_range_0.50x,0.5,63391.75873572993,B0,S2 spectral+indices,RandomForest,3,0.2845528455284553,0.2759656190858519,128,123,371,49,True,63595.7275039832,1|2|3|4|5|6,1|2|3|4|5|6
20260612T173903Z,13c231aedc6c4af000cc8e3d111c543a4f647b4d8bedc4a01eb286ff8f65d8e5,D:/Moved_From_C_2026-06-12/Users/m1761/Documents/New project/data/reference_samples_verified_622_public.csv;D:/Moved_From_C_2026-06-12/Users/m1761/Documents/New project/data/features_fold3_teacher_vhr_repair_20260613/B0.csv;D:/Moved_From_C_2026-06-12/Users/m1761/Documents/New project/results/active_q25_rerun/variogram_choice.json,42,OK,,variogram_range_0.50x,0.5,63391.75873572993,B0,S2 spectral+indices,RandomForest,4,0.3448275862068966,0.3387826865639043,352,58,212,49,True,63572.780817793886,1|2|3|4|5|6,1|2|3|4|5|6
20260612T173903Z,13c231aedc6c4af000cc8e3d111c543a4f647b4d8bedc4a01eb286ff8f65d8e5,D:/Moved_From_C_2026-06-12/Users/m1761/Documents/New project/data/reference_samples_verified_622_public.csv;D:/Moved_From_C_2026-06-12/Users/m1761/Documents/New project/data/features_fold3_teacher_vhr_repair_20260613/B0.csv;D:/Moved_From_C_2026-06-12/Users/m1761/Documents/New project/results/active_q25_rerun/variogram_choice.json,42,OK,,variogram_range_0.50x,0.5,63391.75873572993,B0,S2 spectral+indices,XGBoost,1,0.3016759776536313,0.3055536185053527,112,179,331,49,True,64064.144295411024,1|2|3|4|5|6,1|2|3|4|5|6
20260612T173903Z,13c231aedc6c4af000cc8e3d111c543a4f647b4d8bedc4a01eb286ff8f65d8e5,D:/Moved_From_C_2026-06-12/Users/m1761/Documents/New project/data/reference_samples_verified_622_public.csv;D:/Moved_From_C_2026-06-12/Users/m1761/Documents/New project/data/features_fold3_teacher_vhr_repair_20260613/B0.csv;D:/Moved_From_C_2026-06-12/Users/m1761/Documents/New project/results/active_q25_rerun/variogram_choice.json,42,OK,,variogram_range_0.50x,0.5,63391.75873572993,B0,S2 spectral+indices,XGBoost,2,0.3473282442748092,0.3262436761543865,52,262,308,49,True,63439.602330234535,1|2|3|4|5|6,1|2|3|4|5|6
20260612T173903Z,13c231aedc6c4af000cc8e3d111c543a4f647b4d8bedc4a01eb286ff8f65d8e5,D:/Moved_From_C_2026-06-12/Users/m1761/Documents/New project/data/reference_samples_verified_622_public.csv;D:/Moved_From_C_2026-06-12/Users/m1761/Documents/New project/data/features_fold3_teacher_vhr_repair_20260613/B0.csv;D:/Moved_From_C_2026-06-12/Users/m1761/Documents/New project/results/active_q25_rerun/variogram_choice.json,42,OK,,variogram_range_0.50x,0.5,63391.75873572993,B0,S2 spectral+indices,XGBoost,3,0.3333333333333333,0.32638321237585943,128,123,371,49,True,63595.7275039832,1|2|3|4|5|6,1|2|3|4|5|6
20260612T173903Z,13c231aedc6c4af000cc8e3d111c543a4f647b4d8bedc4a01eb286ff8f65d8e5,D:/Moved_From_C_2026-06-12/Users/m1761/Documents/New project/data/reference_samples_verified_622_public.csv;D:/Moved_From_C_2026-06-12/Users/m1761/Documents/New project/data/features_fold3_teacher_vhr_repair_20260613/B0.csv;D:/Moved_From_C_2026-06-12/Users/m1761/Documents/New project/results/active_q25_rerun/variogram_choice.json,42,OK,,variogram_range_0.50x,0.5,63391.75873572993,B0,S2 spectral+indices,XGBoost,4,0.3103448275862069,0.3063172637476043,352,58,212,49,True,63572.780817793886,1|2|3|4|5|6,1|2|3|4|5|6
20260612T173903Z,13c231aedc6c4af000cc8e3d111c543a4f647b4d8bedc4a01eb286ff8f65d8e5,D:/Moved_From_C_2026-06-12/Users/m1761/Documents/New project/data/reference_samples_verified_622_public.csv;D:/Moved_From_C_2026-06-12/Users/m1761/Documents/New project/data/features_fold3_teacher_vhr_repair_20260613/B1.csv;D:/Moved_From_C_2026-06-12/Users/m1761/Documents/New project/results/active_q25_rerun/variogram_choice.json,42,OK,,variogram_range_0.50x,0.5,63391.75873572993,B1,S1+S2,RandomForest,1,0.3743016759776536,0.36138489019684855,112,179,331,49,True,64064.144295411024,1|2|3|4|5|6,1|2|3|4|5|6
20260612T173903Z,13c231aedc6c4af000cc8e3d111c543a4f647b4d8bedc4a01eb286ff8f65d8e5,D:/Moved_From_C_2026-06-12/Users/m1761/Documents/New project/data/reference_samples_verified_622_public.csv;D:/Moved_From_C_2026-06-12/Users/m1761/Documents/New project/data/features_fold3_teacher_vhr_repair_20260613/B1.csv;D:/Moved_From_C_2026-06-12/Users/m1761/Documents/New project/results/active_q25_rerun/variogram_choice.json,42,OK,,variogram_range_0.50x,0.5,63391.75873572993,B1,S1+S2,RandomForest,2,0.4389312977099237,0.3832823899541264,52,262,308,49,True,63439.602330234535,1|2|3|4|5|6,1|2|3|4|5|6
20260612T173903Z,13c231aedc6c4af000cc8e3d111c543a4f647b4d8bedc4a01eb286ff8f65d8e5,D:/Moved_From_C_2026-06-12/Users/m1761/Documents/New project/data/reference_samples_verified_622_public.csv;D:/Moved_From_C_2026-06-12/Users/m1761/Documents/New project/data/features_fold3_teacher_vhr_repair_20260613/B1.csv;D:/Moved_From_C_2026-06-12/Users/m1761/Documents/New project/results/active_q25_rerun/variogram_choice.json,42,OK,,variogram_range_0.50x,0.5,63391.75873572993,B1,S1+S2,RandomForest,3,0.5528455284552846,0.442906036007867,128,123,371,49,True,63595.7275039832,1|2|3|4|5|6,1|2|3|4|5|6
20260612T173903Z,13c231aedc6c4af000cc8e3d111c543a4f647b4d8bedc4a01eb286ff8f65d8e5,D:/Moved_From_C_2026-06-12/Users/m1761/Documents/New project/data/reference_samples_verified_622_public.csv;D:/Moved_From_C_2026-06-12/Users/m1761/Documents/New project/data/features_fold3_teacher_vhr_repair_20260613/B1.csv;D:/Moved_From_C_2026-06-12/Users/m1761/Documents/New project/results/active_q25_rerun/variogram_choice.json,42,OK,,variogram_range_0.50x,0.5,63391.75873572993,B1,S1+S2,RandomForest,4,0.5517241379310345,0.5227934974311785,352,58,212,49,True,63572.780817793886,1|2|3|4|5|6,1|2|3|4|5|6
20260612T173903Z,13c231aedc6c4af000cc8e3d111c543a4f647b4d8bedc4a01eb286ff8f65d8e5,D:/Moved_From_C_2026-06-12/Users/m1761/Documents/New project/data/reference_samples_verified_622_public.csv;D:/Moved_From_C_2026-06-12/Users/m1761/Documents/New project/data/features_fold3_teacher_vhr_repair_20260613/B1.csv;D:/Moved_From_C_2026-06-12/Users/m1761/Documents/New project/results/active_q25_rerun/variogram_choice.json,42,OK,,variogram_range_0.50x,0.5,63391.75873572993,B1,S1+S2,XGBoost,1,0.3407821229050279,0.3441301778792058,112,179,331,49,True,64064.144295411024,1|2|3|4|5|6,1|2|3|4|5|6
20260612T173903Z,13c231aedc6c4af000cc8e3d111c543a4f647b4d8bedc4a01eb286ff8f65d8e5,D:/Moved_From_C_2026-06-12/Users/m1761/Documents/New project/data/reference_samples_verified_622_public.csv;D:/Moved_From_C_2026-06-12/Users/m1761/Documents/New project/data/features_fold3_teacher_vhr_repair_20260613/B1.csv;D:/Moved_From_C_2026-06-12/Users/m1761/Documents/New project/results/active_q25_rerun/variogram_choice.json,42,OK,,variogram_range_0.50x,0.5,63391.75873572993,B1,S1+S2,XGBoost,2,0.366412213740458,0.3328854492378925,52,262,308,49,True,63439.602330234535,1|2|3|4|5|6,1|2|3|4|5|6
20260612T173903Z,13c231aedc6c4af000cc8e3d111c543a4f647b4d8bedc4a01eb286ff8f65d8e5,D:/Moved_From_C_2026-06-12/Users/m1761/Documents/New project/data/reference_samples_verified_622_public.csv;D:/Moved_From_C_2026-06-12/Users/m1761/Documents/New project/data/features_fold3_teacher_vhr_repair_20260613/B1.csv;D:/Moved_From_C_2026-06-12/Users/m1761/Documents/New project/results/active_q25_rerun/variogram_choice.json,42,OK,,variogram_range_0.50x,0.5,63391.75873572993,B1,S1+S2,XGBoost,3,0.5772357723577236,0.47236327347476453,128,123,371,49,True,63595.7275039832,1|2|3|4|5|6,1|2|3|4|5|6
20260612T173903Z,13c231aedc6c4af000cc8e3d111c543a4f647b4d8bedc4a01eb286ff8f65d8e5,D:/Moved_From_C_2026-06-12/Users/m1761/Documents/New project/data/reference_samples_verified_622_public.csv;D:/Moved_From_C_2026-06-12/Users/m1761/Documents/New project/data/features_fold3_teacher_vhr_repair_20260613/B1.csv;D:/Moved_From_C_2026-06-12/Users/m1761/Documents/New project/results/active_q25_rerun/variogram_choice.json,42,OK,,variogram_range_0.50x,0.5,63391.75873572993,B1,S1+S2,XGBoost,4,0.3620689655172414,0.3746312329645663,352,58,212,49,True,63572.780817793886,1|2|3|4|5|6,1|2|3|4|5|6
20260612T173903Z,13c231aedc6c4af000cc8e3d111c543a4f647b4d8bedc4a01eb286ff8f65d8e5,D:/Moved_From_C_2026-06-12/Users/m1761/Documents/New project/data/reference_samples_verified_622_public.csv;D:/Moved_From_C_2026-06-12/Users/m1761/Documents/New project/data/features_fold3_teacher_vhr_repair_20260613/B2.csv;D:/Moved_From_C_2026-06-12/Users/m1761/Documents/New project/results/active_q25_rerun/variogram_choice.json,42,OK,,variogram_range_0.50x,0.5,63391.75873572993,B2,AlphaEarth 64-dim embedding,RandomForest,1,0.5418994413407822,0.5582518434264011,112,179,331,49,True,64064.144295411024,1|2|3|4|5|6,1|2|3|4|5|6
20260612T173903Z,13c231aedc6c4af000cc8e3d111c543a4f647b4d8bedc4a01eb286ff8f65d8e5,D:/Moved_From_C_2026-06-12/Users/m1761/Documents/New project/data/reference_samples_verified_622_public.csv;D:/Moved_From_C_2026-06-12/Users/m1761/Documents/New project/data/features_fold3_teacher_vhr_repair_20260613/B2.csv;D:/Moved_From_C_2026-06-12/Users/m1761/Documents/New project/results/active_q25_rerun/variogram_choice.json,42,OK,,variogram_range_0.50x,0.5,63391.75873572993,B2,AlphaEarth 64-dim embedding,RandomForest,2,0.5229007633587787,0.5047049360032263,52,262,308,49,True,63439.602330234535,1|2|3|4|5|6,1|2|3|4|5|6
20260612T173903Z,13c231aedc6c4af000cc8e3d111c543a4f647b4d8bedc4a01eb286ff8f65d8e5,D:/Moved_From_C_2026-06-12/Users/m1761/Documents/New project/data/reference_samples_verified_622_public.csv;D:/Moved_From_C_2026-06-12/Users/m1761/Documents/New project/data/features_fold3_teacher_vhr_repair_20260613/B2.csv;D:/Moved_From_C_2026-06-12/Users/m1761/Documents/New project/results/active_q25_rerun/variogram_choice.json,42,OK,,variogram_range_0.50x,0.5,63391.75873572993,B2,AlphaEarth 64-dim embedding,RandomForest,3,0.7235772357723578,0.6566382386008863,128,123,371,49,True,63595.7275039832,1|2|3|4|5|6,1|2|3|4|5|6
20260612T173903Z,13c231aedc6c4af000cc8e3d111c543a4f647b4d8bedc4a01eb286ff8f65d8e5,D:/Moved_From_C_2026-06-12/Users/m1761/Documents/New project/data/reference_samples_verified_622_public.csv;D:/Moved_From_C_2026-06-12/Users/m1761/Documents/New project/data/features_fold3_teacher_vhr_repair_20260613/B2.csv;D:/Moved_From_C_2026-06-12/Users/m1761/Documents/New project/results/active_q25_rerun/variogram_choice.json,42,OK,,variogram_range_0.50x,0.5,63391.75873572993,B2,AlphaEarth 64-dim embedding,RandomForest,4,0.6206896551724138,0.6094103857261752,352,58,212,49,True,63572.780817793886,1|2|3|4|5|6,1|2|3|4|5|6
20260612T173903Z,13c231aedc6c4af000cc8e3d111c543a4f647b4d8bedc4a01eb286ff8f65d8e5,D:/Moved_From_C_2026-06-12/Users/m1761/Documents/New project/data/reference_samples_verified_622_public.csv;D:/Moved_From_C_2026-06-12/Users/m1761/Documents/New project/data/features_fold3_teacher_vhr_repair_20260613/B2.csv;D:/Moved_From_C_2026-06-12/Users/m1761/Documents/New project/results/active_q25_rerun/variogram_choice.json,42,OK,,variogram_range_0.50x,0.5,63391.75873572993,B2,AlphaEarth 64-dim embedding,XGBoost,1,0.5139664804469274,0.5434114050582478,112,179,331,49,True,64064.144295411024,1|2|3|4|5|6,1|2|3|4|5|6
20260612T173903Z,13c231aedc6c4af000cc8e3d111c543a4f647b4d8bedc4a01eb286ff8f65d8e5,D:/Moved_From_C_2026-06-12/Users/m1761/Documents/New project/data/reference_samples_verified_622_public.csv;D:/Moved_From_C_2026-06-12/Users/m1761/Documents/New project/data/features_fold3_teacher_vhr_repair_20260613/B2.csv;D:/Moved_From_C_2026-06-12/Users/m1761/Documents/New project/results/active_q25_rerun/variogram_choice.json,42,OK,,variogram_range_0.50x,0.5,63391.75873572993,B2,AlphaEarth 64-dim embedding,XGBoost,2,0.5114503816793893,0.5142387743780933,52,262,308,49,True,63439.602330234535,1|2|3|4|5|6,1|2|3|4|5|6
20260612T173903Z,13c231aedc6c4af000cc8e3d111c543a4f647b4d8bedc4a01eb286ff8f65d8e5,D:/Moved_From_C_2026-06-12/Users/m1761/Documents/New project/data/reference_samples_verified_622_public.csv;D:/Moved_From_C_2026-06-12/Users/m1761/Documents/New project/data/features_fold3_teacher_vhr_repair_20260613/B2.csv;D:/Moved_From_C_2026-06-12/Users/m1761/Documents/New project/results/active_q25_rerun/variogram_choice.json,42,OK,,variogram_range_0.50x,0.5,63391.75873572993,B2,AlphaEarth 64-dim embedding,XGBoost,3,0.6991869918699187,0.6201972297500753,128,123,371,49,True,63595.7275039832,1|2|3|4|5|6,1|2|3|4|5|6
20260612T173903Z,13c231aedc6c4af000cc8e3d111c543a4f647b4d8bedc4a01eb286ff8f65d8e5,D:/Moved_From_C_2026-06-12/Users/m1761/Documents/New project/data/reference_samples_verified_622_public.csv;D:/Moved_From_C_2026-06-12/Users/m1761/Documents/New project/data/features_fold3_teacher_vhr_repair_20260613/B2.csv;D:/Moved_From_C_2026-06-12/Users/m1761/Documents/New project/results/active_q25_rerun/variogram_choice.json,42,OK,,variogram_range_0.50x,0.5,63391.75873572993,B2,AlphaEarth 64-dim embedding,XGBoost,4,0.5517241379310345,0.5089508681613945,352,58,212,49,True,63572.780817793886,1|2|3|4|5|6,1|2|3|4|5|6
20260612T173903Z,13c231aedc6c4af000cc8e3d111c543a4f647b4d8bedc4a01eb286ff8f65d8e5,D:/Moved_From_C_2026-06-12/Users/m1761/Documents/New project/data/reference_samples_verified_622_public.csv;D:/Moved_From_C_2026-06-12/Users/m1761/Documents/New project/data/features_fold3_teacher_vhr_repair_20260613/B3.csv;D:/Moved_From_C_2026-06-12/Users/m1761/Documents/New project/results/active_q25_rerun/variogram_choice.json,42,OK,,variogram_range_0.50x,0.5,63391.75873572993,B3,AlphaEarth+S1/S2,RandomForest,1,0.5139664804469274,0.544073972083548,112,179,331,49,True,64064.144295411024,1|2|3|4|5|6,1|2|3|4|5|6
20260612T173903Z,13c231aedc6c4af000cc8e3d111c543a4f647b4d8bedc4a01eb286ff8f65d8e5,D:/Moved_From_C_2026-06-12/Users/m1761/Documents/New project/data/reference_samples_verified_622_public.csv;D:/Moved_From_C_2026-06-12/Users/m1761/Documents/New project/data/features_fold3_teacher_vhr_repair_20260613/B3.csv;D:/Moved_From_C_2026-06-12/Users/m1761/Documents/New project/results/active_q25_rerun/variogram_choice.json,42,OK,,variogram_range_0.50x,0.5,63391.75873572993,B3,AlphaEarth+S1/S2,RandomForest,2,0.5572519083969466,0.5117740298044623,52,262,308,49,True,63439.602330234535,1|2|3|4|5|6,1|2|3|4|5|6
20260612T173903Z,13c231aedc6c4af000cc8e3d111c543a4f647b4d8bedc4a01eb286ff8f65d8e5,D:/Moved_From_C_2026-06-12/Users/m1761/Documents/New project/data/reference_samples_verified_622_public.csv;D:/Moved_From_C_2026-06-12/Users/m1761/Documents/New project/data/features_fold3_teacher_vhr_repair_20260613/B3.csv;D:/Moved_From_C_2026-06-12/Users/m1761/Documents/New project/results/active_q25_rerun/variogram_choice.json,42,OK,,variogram_range_0.50x,0.5,63391.75873572993,B3,AlphaEarth+S1/S2,RandomForest,3,0.7235772357723578,0.6338511428920494,128,123,371,49,True,63595.7275039832,1|2|3|4|5|6,1|2|3|4|5|6
20260612T173903Z,13c231aedc6c4af000cc8e3d111c543a4f647b4d8bedc4a01eb286ff8f65d8e5,D:/Moved_From_C_2026-06-12/Users/m1761/Documents/New project/data/reference_samples_verified_622_public.csv;D:/Moved_From_C_2026-06-12/Users/m1761/Documents/New project/data/features_fold3_teacher_vhr_repair_20260613/B3.csv;D:/Moved_From_C_2026-06-12/Users/m1761/Documents/New project/results/active_q25_rerun/variogram_choice.json,42,OK,,variogram_range_0.50x,0.5,63391.75873572993,B3,AlphaEarth+S1/S2,RandomForest,4,0.6379310344827587,0.6294838794838796,352,58,212,49,True,63572.780817793886,1|2|3|4|5|6,1|2|3|4|5|6
20260612T173903Z,13c231aedc6c4af000cc8e3d111c543a4f647b4d8bedc4a01eb286ff8f65d8e5,D:/Moved_From_C_2026-06-12/Users/m1761/Documents/New project/data/reference_samples_verified_622_public.csv;D:/Moved_From_C_2026-06-12/Users/m1761/Documents/New project/data/features_fold3_teacher_vhr_repair_20260613/B3.csv;D:/Moved_From_C_2026-06-12/Users/m1761/Documents/New project/results/active_q25_rerun/variogram_choice.json,42,OK,,variogram_range_0.50x,0.5,63391.75873572993,B3,AlphaEarth+S1/S2,XGBoost,1,0.553072625698324,0.5839140689743099,112,179,331,49,True,64064.144295411024,1|2|3|4|5|6,1|2|3|4|5|6
20260612T173903Z,13c231aedc6c4af000cc8e3d111c543a4f647b4d8bedc4a01eb286ff8f65d8e5,D:/Moved_From_C_2026-06-12/Users/m1761/Documents/New project/data/reference_samples_verified_622_public.csv;D:/Moved_From_C_2026-06-12/Users/m1761/Documents/New project/data/features_fold3_teacher_vhr_repair_20260613/B3.csv;D:/Moved_From_C_2026-06-12/Users/m1761/Documents/New project/results/active_q25_rerun/variogram_choice.json,42,OK,,variogram_range_0.50x,0.5,63391.75873572993,B3,AlphaEarth+S1/S2,XGBoost,2,0.5267175572519084,0.5251833282452728,52,262,308,49,True,63439.602330234535,1|2|3|4|5|6,1|2|3|4|5|6
20260612T173903Z,13c231aedc6c4af000cc8e3d111c543a4f647b4d8bedc4a01eb286ff8f65d8e5,D:/Moved_From_C_2026-06-12/Users/m1761/Documents/New project/data/reference_samples_verified_622_public.csv;D:/Moved_From_C_2026-06-12/Users/m1761/Documents/New project/data/features_fold3_teacher_vhr_repair_20260613/B3.csv;D:/Moved_From_C_2026-06-12/Users/m1761/Documents/New project/results/active_q25_rerun/variogram_choice.json,42,OK,,variogram_range_0.50x,0.5,63391.75873572993,B3,AlphaEarth+S1/S2,XGBoost,3,0.6910569105691057,0.5891100966518465,128,123,371,49,True,63595.7275039832,1|2|3|4|5|6,1|2|3|4|5|6
20260612T173903Z,13c231aedc6c4af000cc8e3d111c543a4f647b4d8bedc4a01eb286ff8f65d8e5,D:/Moved_From_C_2026-06-12/Users/m1761/Documents/New project/data/reference_samples_verified_622_public.csv;D:/Moved_From_C_2026-06-12/Users/m1761/Documents/New project/data/features_fold3_teacher_vhr_repair_20260613/B3.csv;D:/Moved_From_C_2026-06-12/Users/m1761/Documents/New project/results/active_q25_rerun/variogram_choice.json,42,OK,,variogram_range_0.50x,0.5,63391.75873572993,B3,AlphaEarth+S1/S2,XGBoost,4,0.5689655172413793,0.5223544973544973,352,58,212,49,True,63572.780817793886,1|2|3|4|5|6,1|2|3|4|5|6
20260612T173903Z,13c231aedc6c4af000cc8e3d111c543a4f647b4d8bedc4a01eb286ff8f65d8e5,D:/Moved_From_C_2026-06-12/Users/m1761/Documents/New project/data/reference_samples_verified_622_public.csv;D:/Moved_From_C_2026-06-12/Users/m1761/Documents/New project/data/features_fold3_teacher_vhr_repair_20260613/B0.csv;D:/Moved_From_C_2026-06-12/Users/m1761/Documents/New project/results/active_q25_rerun/variogram_choice.json,42,OK,,variogram_range_0.35x,0.35,44374.231115010945,B0,S2 spectral+indices,RandomForest,1,0.43,0.37364942528735634,259,100,263,75,True,44388.45351536127,1|2|3|4|5|6,1|2|3|4|5|6
20260612T173903Z,13c231aedc6c4af000cc8e3d111c543a4f647b4d8bedc4a01eb286ff8f65d8e5,D:/Moved_From_C_2026-06-12/Users/m1761/Documents/New project/data/reference_samples_verified_622_public.csv;D:/Moved_From_C_2026-06-12/Users/m1761/Documents/New project/data/features_fold3_teacher_vhr_repair_20260613/B0.csv;D:/Moved_From_C_2026-06-12/Users/m1761/Documents/New project/results/active_q25_rerun/variogram_choice.json,42,OK,,variogram_range_0.35x,0.35,44374.231115010945,B0,S2 spectral+indices,RandomForest,2,0.2412280701754386,0.2617564654056032,106,228,288,75,True,44499.61609229821,1|2|3|4|5|6,1|2|3|4|5|6
20260612T173903Z,13c231aedc6c4af000cc8e3d111c543a4f647b4d8bedc4a01eb286ff8f65d8e5,D:/Moved_From_C_2026-06-12/Users/m1761/Documents/New project/data/reference_samples_verified_622_public.csv;D:/Moved_From_C_2026-06-12/Users/m1761/Documents/New project/data/features_fold3_teacher_vhr_repair_20260613/B0.csv;D:/Moved_From_C_2026-06-12/Users/m1761/Documents/New project/results/active_q25_rerun/variogram_choice.json,42,OK,,variogram_range_0.35x,0.35,44374.231115010945,B0,S2 spectral+indices,RandomForest,3,0.3933333333333333,0.3685408049441223,134,150,338,75,True,44419.898763823345,1|2|3|4|5|6,1|2|3|4|5|6
20260612T173903Z,13c231aedc6c4af000cc8e3d111c543a4f647b4d8bedc4a01eb286ff8f65d8e5,D:/Moved_From_C_2026-06-12/Users/m1761/Documents/New project/data/reference_samples_verified_622_public.csv;D:/Moved_From_C_2026-06-12/Users/m1761/Documents/New project/data/features_fold3_teacher_vhr_repair_20260613/B0.csv;D:/Moved_From_C_2026-06-12/Users/m1761/Documents/New project/results/active_q25_rerun/variogram_choice.json,42,OK,,variogram_range_0.35x,0.35,44374.231115010945,B0,S2 spectral+indices,RandomForest,4,0.2222222222222222,0.19531849057711126,78,144,400,75,True,44659.21611758579,1|2|3|4|5|6,1|2|3|4|5|6
20260612T173903Z,13c231aedc6c4af000cc8e3d111c543a4f647b4d8bedc4a01eb286ff8f65d8e5,D:/Moved_From_C_2026-06-12/Users/m1761/Documents/New project/data/reference_samples_verified_622_public.csv;D:/Moved_From_C_2026-06-12/Users/m1761/Documents/New project/data/features_fold3_teacher_vhr_repair_20260613/B0.csv;D:/Moved_From_C_2026-06-12/Users/m1761/Documents/New project/results/active_q25_rerun/variogram_choice.json,42,OK,,variogram_range_0.35x,0.35,44374.231115010945,B0,S2 spectral+indices,XGBoost,1,0.44,0.38113516113516116,259,100,263,75,True,44388.45351536127,1|2|3|4|5|6,1|2|3|4|5|6
20260612T173903Z,13c231aedc6c4af000cc8e3d111c543a4f647b4d8bedc4a01eb286ff8f65d8e5,D:/Moved_From_C_2026-06-12/Users/m1761/Documents/New project/data/reference_samples_verified_622_public.csv;D:/Moved_From_C_2026-06-12/Users/m1761/Documents/New project/data/features_fold3_teacher_vhr_repair_20260613/B0.csv;D:/Moved_From_C_2026-06-12/Users/m1761/Documents/New project/results/active_q25_rerun/variogram_choice.json,42,OK,,variogram_range_0.35x,0.35,44374.231115010945,B0,S2 spectral+indices,XGBoost,2,0.24561403508771928,0.266030637870671,106,228,288,75,True,44499.61609229821,1|2|3|4|5|6,1|2|3|4|5|6
20260612T173903Z,13c231aedc6c4af000cc8e3d111c543a4f647b4d8bedc4a01eb286ff8f65d8e5,D:/Moved_From_C_2026-06-12/Users/m1761/Documents/New project/data/reference_samples_verified_622_public.csv;D:/Moved_From_C_2026-06-12/Users/m1761/Documents/New project/data/features_fold3_teacher_vhr_repair_20260613/B0.csv;D:/Moved_From_C_2026-06-12/Users/m1761/Documents/New project/results/active_q25_rerun/variogram_choice.json,42,OK,,variogram_range_0.35x,0.35,44374.231115010945,B0,S2 spectral+indices,XGBoost,3,0.42,0.39095621595621594,134,150,338,75,True,44419.898763823345,1|2|3|4|5|6,1|2|3|4|5|6
20260612T173903Z,13c231aedc6c4af000cc8e3d111c543a4f647b4d8bedc4a01eb286ff8f65d8e5,D:/Moved_From_C_2026-06-12/Users/m1761/Documents/New project/data/reference_samples_verified_622_public.csv;D:/Moved_From_C_2026-06-12/Users/m1761/Documents/New project/data/features_fold3_teacher_vhr_repair_20260613/B0.csv;D:/Moved_From_C_2026-06-12/Users/m1761/Documents/New project/results/active_q25_rerun/variogram_choice.json,42,OK,,variogram_range_0.35x,0.35,44374.231115010945,B0,S2 spectral+indices,XGBoost,4,0.2222222222222222,0.20711580086580086,78,144,400,75,True,44659.21611758579,1|2|3|4|5|6,1|2|3|4|5|6
20260612T173903Z,13c231aedc6c4af000cc8e3d111c543a4f647b4d8bedc4a01eb286ff8f65d8e5,D:/Moved_From_C_2026-06-12/Users/m1761/Documents/New project/data/reference_samples_verified_622_public.csv;D:/Moved_From_C_2026-06-12/Users/m1761/Documents/New project/data/features_fold3_teacher_vhr_repair_20260613/B1.csv;D:/Moved_From_C_2026-06-12/Users/m1761/Documents/New project/results/active_q25_rerun/variogram_choice.json,42,OK,,variogram_range_0.35x,0.35,44374.231115010945,B1,S1+S2,RandomForest,1,0.49,0.44496165566773777,259,100,263,75,True,44388.45351536127,1|2|3|4|5|6,1|2|3|4|5|6
20260612T173903Z,13c231aedc6c4af000cc8e3d111c543a4f647b4d8bedc4a01eb286ff8f65d8e5,D:/Moved_From_C_2026-06-12/Users/m1761/Documents/New project/data/reference_samples_verified_622_public.csv;D:/Moved_From_C_2026-06-12/Users/m1761/Documents/New project/data/features_fold3_teacher_vhr_repair_20260613/B1.csv;D:/Moved_From_C_2026-06-12/Users/m1761/Documents/New project/results/active_q25_rerun/variogram_choice.json,42,OK,,variogram_range_0.35x,0.35,44374.231115010945,B1,S1+S2,RandomForest,2,0.39035087719298245,0.39177890011223343,106,228,288,75,True,44499.61609229821,1|2|3|4|5|6,1|2|3|4|5|6
20260612T173903Z,13c231aedc6c4af000cc8e3d111c543a4f647b4d8bedc4a01eb286ff8f65d8e5,D:/Moved_From_C_2026-06-12/Users/m1761/Documents/New project/data/reference_samples_verified_622_public.csv;D:/Moved_From_C_2026-06-12/Users/m1761/Documents/New project/data/features_fold3_teacher_vhr_repair_20260613/B1.csv;D:/Moved_From_C_2026-06-12/Users/m1761/Documents/New project/results/active_q25_rerun/variogram_choice.json,42,OK,,variogram_range_0.35x,0.35,44374.231115010945,B1,S1+S2,RandomForest,3,0.5933333333333334,0.5612529393164789,134,150,338,75,True,44419.898763823345,1|2|3|4|5|6,1|2|3|4|5|6
20260612T173903Z,13c231aedc6c4af000cc8e3d111c543a4f647b4d8bedc4a01eb286ff8f65d8e5,D:/Moved_From_C_2026-06-12/Users/m1761/Documents/New project/data/reference_samples_verified_622_public.csv;D:/Moved_From_C_2026-06-12/Users/m1761/Documents/New project/data/features_fold3_teacher_vhr_repair_20260613/B1.csv;D:/Moved_From_C_2026-06-12/Users/m1761/Documents/New project/results/active_q25_rerun/variogram_choice.json,42,OK,,variogram_range_0.35x,0.35,44374.231115010945,B1,S1+S2,RandomForest,4,0.3819444444444444,0.3725328019669931,78,144,400,75,True,44659.21611758579,1|2|3|4|5|6,1|2|3|4|5|6
20260612T173903Z,13c231aedc6c4af000cc8e3d111c543a4f647b4d8bedc4a01eb286ff8f65d8e5,D:/Moved_From_C_2026-06-12/Users/m1761/Documents/New project/data/reference_samples_verified_622_public.csv;D:/Moved_From_C_2026-06-12/Users/m1761/Documents/New project/data/features_fold3_teacher_vhr_repair_20260613/B1.csv;D:/Moved_From_C_2026-06-12/Users/m1761/Documents/New project/results/active_q25_rerun/variogram_choice.json,42,OK,,variogram_range_0.35x,0.35,44374.231115010945,B1,S1+S2,XGBoost,1,0.54,0.4917789102180259,259,100,263,75,True,44388.45351536127,1|2|3|4|5|6,1|2|3|4|5|6
20260612T173903Z,13c231aedc6c4af000cc8e3d111c543a4f647b4d8bedc4a01eb286ff8f65d8e5,D:/Moved_From_C_2026-06-12/Users/m1761/Documents/New project/data/reference_samples_verified_622_public.csv;D:/Moved_From_C_2026-06-12/Users/m1761/Documents/New project/data/features_fold3_teacher_vhr_repair_20260613/B1.csv;D:/Moved_From_C_2026-06-12/Users/m1761/Documents/New project/results/active_q25_rerun/variogram_choice.json,42,OK,,variogram_range_0.35x,0.35,44374.231115010945,B1,S1+S2,XGBoost,2,0.40789473684210525,0.4064826037231344,106,228,288,75,True,44499.61609229821,1|2|3|4|5|6,1|2|3|4|5|6
20260612T173903Z,13c231aedc6c4af000cc8e3d111c543a4f647b4d8bedc4a01eb286ff8f65d8e5,D:/Moved_From_C_2026-06-12/Users/m1761/Documents/New project/data/reference_samples_verified_622_public.csv;D:/Moved_From_C_2026-06-12/Users/m1761/Documents/New project/data/features_fold3_teacher_vhr_repair_20260613/B1.csv;D:/Moved_From_C_2026-06-12/Users/m1761/Documents/New project/results/active_q25_rerun/variogram_choice.json,42,OK,,variogram_range_0.35x,0.35,44374.231115010945,B1,S1+S2,XGBoost,3,0.5066666666666667,0.46853103797618884,134,150,338,75,True,44419.898763823345,1|2|3|4|5|6,1|2|3|4|5|6
20260612T173903Z,13c231aedc6c4af000cc8e3d111c543a4f647b4d8bedc4a01eb286ff8f65d8e5,D:/Moved_From_C_2026-06-12/Users/m1761/Documents/New project/data/reference_samples_verified_622_public.csv;D:/Moved_From_C_2026-06-12/Users/m1761/Documents/New project/data/features_fold3_teacher_vhr_repair_20260613/B1.csv;D:/Moved_From_C_2026-06-12/Users/m1761/Documents/New project/results/active_q25_rerun/variogram_choice.json,42,OK,,variogram_range_0.35x,0.35,44374.231115010945,B1,S1+S2,XGBoost,4,0.3888888888888889,0.3578767850506981,78,144,400,75,True,44659.21611758579,1|2|3|4|5|6,1|2|3|4|5|6
20260612T173903Z,13c231aedc6c4af000cc8e3d111c543a4f647b4d8bedc4a01eb286ff8f65d8e5,D:/Moved_From_C_2026-06-12/Users/m1761/Documents/New project/data/reference_samples_verified_622_public.csv;D:/Moved_From_C_2026-06-12/Users/m1761/Documents/New project/data/features_fold3_teacher_vhr_repair_20260613/B2.csv;D:/Moved_From_C_2026-06-12/Users/m1761/Documents/New project/results/active_q25_rerun/variogram_choice.json,42,OK,,variogram_range_0.35x,0.35,44374.231115010945,B2,AlphaEarth 64-dim embedding,RandomForest,1,0.7,0.646233579638752,259,100,263,75,True,44388.45351536127,1|2|3|4|5|6,1|2|3|4|5|6
20260612T173903Z,13c231aedc6c4af000cc8e3d111c543a4f647b4d8bedc4a01eb286ff8f65d8e5,D:/Moved_From_C_2026-06-12/Users/m1761/Documents/New project/data/reference_samples_verified_622_public.csv;D:/Moved_From_C_2026-06-12/Users/m1761/Documents/New project/data/features_fold3_teacher_vhr_repair_20260613/B2.csv;D:/Moved_From_C_2026-06-12/Users/m1761/Documents/New project/results/active_q25_rerun/variogram_choice.json,42,OK,,variogram_range_0.35x,0.35,44374.231115010945,B2,AlphaEarth 64-dim embedding,RandomForest,2,0.42543859649122806,0.4399658155486854,106,228,288,75,True,44499.61609229821,1|2|3|4|5|6,1|2|3|4|5|6
20260612T173903Z,13c231aedc6c4af000cc8e3d111c543a4f647b4d8bedc4a01eb286ff8f65d8e5,D:/Moved_From_C_2026-06-12/Users/m1761/Documents/New project/data/reference_samples_verified_622_public.csv;D:/Moved_From_C_2026-06-12/Users/m1761/Documents/New project/data/features_fold3_teacher_vhr_repair_20260613/B2.csv;D:/Moved_From_C_2026-06-12/Users/m1761/Documents/New project/results/active_q25_rerun/variogram_choice.json,42,OK,,variogram_range_0.35x,0.35,44374.231115010945,B2,AlphaEarth 64-dim embedding,RandomForest,3,0.62,0.5883533034070668,134,150,338,75,True,44419.898763823345,1|2|3|4|5|6,1|2|3|4|5|6
20260612T173903Z,13c231aedc6c4af000cc8e3d111c543a4f647b4d8bedc4a01eb286ff8f65d8e5,D:/Moved_From_C_2026-06-12/Users/m1761/Documents/New project/data/reference_samples_verified_622_public.csv;D:/Moved_From_C_2026-06-12/Users/m1761/Documents/New project/data/features_fold3_teacher_vhr_repair_20260613/B2.csv;D:/Moved_From_C_2026-06-12/Users/m1761/Documents/New project/results/active_q25_rerun/variogram_choice.json,42,OK,,variogram_range_0.35x,0.35,44374.231115010945,B2,AlphaEarth 64-dim embedding,RandomForest,4,0.5416666666666666,0.5165464149271044,78,144,400,75,True,44659.21611758579,1|2|3|4|5|6,1|2|3|4|5|6
20260612T173903Z,13c231aedc6c4af000cc8e3d111c543a4f647b4d8bedc4a01eb286ff8f65d8e5,D:/Moved_From_C_2026-06-12/Users/m1761/Documents/New project/data/reference_samples_verified_622_public.csv;D:/Moved_From_C_2026-06-12/Users/m1761/Documents/New project/data/features_fold3_teacher_vhr_repair_20260613/B2.csv;D:/Moved_From_C_2026-06-12/Users/m1761/Documents/New project/results/active_q25_rerun/variogram_choice.json,42,OK,,variogram_range_0.35x,0.35,44374.231115010945,B2,AlphaEarth 64-dim embedding,XGBoost,1,0.7,0.6530877130983529,259,100,263,75,True,44388.45351536127,1|2|3|4|5|6,1|2|3|4|5|6
20260612T173903Z,13c231aedc6c4af000cc8e3d111c543a4f647b4d8bedc4a01eb286ff8f65d8e5,D:/Moved_From_C_2026-06-12/Users/m1761/Documents/New project/data/reference_samples_verified_622_public.csv;D:/Moved_From_C_2026-06-12/Users/m1761/Documents/New project/data/features_fold3_teacher_vhr_repair_20260613/B2.csv;D:/Moved_From_C_2026-06-12/Users/m1761/Documents/New project/results/active_q25_rerun/variogram_choice.json,42,OK,,variogram_range_0.35x,0.35,44374.231115010945,B2,AlphaEarth 64-dim embedding,XGBoost,2,0.4692982456140351,0.47991710798162407,106,228,288,75,True,44499.61609229821,1|2|3|4|5|6,1|2|3|4|5|6
20260612T173903Z,13c231aedc6c4af000cc8e3d111c543a4f647b4d8bedc4a01eb286ff8f65d8e5,D:/Moved_From_C_2026-06-12/Users/m1761/Documents/New project/data/reference_samples_verified_622_public.csv;D:/Moved_From_C_2026-06-12/Users/m1761/Documents/New project/data/features_fold3_teacher_vhr_repair_20260613/B2.csv;D:/Moved_From_C_2026-06-12/Users/m1761/Documents/New project/results/active_q25_rerun/variogram_choice.json,42,OK,,variogram_range_0.35x,0.35,44374.231115010945,B2,AlphaEarth 64-dim embedding,XGBoost,3,0.6333333333333333,0.5998693159880008,134,150,338,75,True,44419.898763823345,1|2|3|4|5|6,1|2|3|4|5|6
20260612T173903Z,13c231aedc6c4af000cc8e3d111c543a4f647b4d8bedc4a01eb286ff8f65d8e5,D:/Moved_From_C_2026-06-12/Users/m1761/Documents/New project/data/reference_samples_verified_622_public.csv;D:/Moved_From_C_2026-06-12/Users/m1761/Documents/New project/data/features_fold3_teacher_vhr_repair_20260613/B2.csv;D:/Moved_From_C_2026-06-12/Users/m1761/Documents/New project/results/active_q25_rerun/variogram_choice.json,42,OK,,variogram_range_0.35x,0.35,44374.231115010945,B2,AlphaEarth 64-dim embedding,XGBoost,4,0.5347222222222222,0.53097911533992,78,144,400,75,True,44659.21611758579,1|2|3|4|5|6,1|2|3|4|5|6
20260612T173903Z,13c231aedc6c4af000cc8e3d111c543a4f647b4d8bedc4a01eb286ff8f65d8e5,D:/Moved_From_C_2026-06-12/Users/m1761/Documents/New project/data/reference_samples_verified_622_public.csv;D:/Moved_From_C_2026-06-12/Users/m1761/Documents/New project/data/features_fold3_teacher_vhr_repair_20260613/B3.csv;D:/Moved_From_C_2026-06-12/Users/m1761/Documents/New project/results/active_q25_rerun/variogram_choice.json,42,OK,,variogram_range_0.35x,0.35,44374.231115010945,B3,AlphaEarth+S1/S2,RandomForest,1,0.68,0.6119118306618306,259,100,263,75,True,44388.45351536127,1|2|3|4|5|6,1|2|3|4|5|6
20260612T173903Z,13c231aedc6c4af000cc8e3d111c543a4f647b4d8bedc4a01eb286ff8f65d8e5,D:/Moved_From_C_2026-06-12/Users/m1761/Documents/New project/data/reference_samples_verified_622_public.csv;D:/Moved_From_C_2026-06-12/Users/m1761/Documents/New project/data/features_fold3_teacher_vhr_repair_20260613/B3.csv;D:/Moved_From_C_2026-06-12/Users/m1761/Documents/New project/results/active_q25_rerun/variogram_choice.json,42,OK,,variogram_range_0.35x,0.35,44374.231115010945,B3,AlphaEarth+S1/S2,RandomForest,2,0.43859649122807015,0.43027351436442346,106,228,288,75,True,44499.61609229821,1|2|3|4|5|6,1|2|3|4|5|6
20260612T173903Z,13c231aedc6c4af000cc8e3d111c543a4f647b4d8bedc4a01eb286ff8f65d8e5,D:/Moved_From_C_2026-06-12/Users/m1761/Documents/New project/data/reference_samples_verified_622_public.csv;D:/Moved_From_C_2026-06-12/Users/m1761/Documents/New project/data/features_fold3_teacher_vhr_repair_20260613/B3.csv;D:/Moved_From_C_2026-06-12/Users/m1761/Documents/New project/results/active_q25_rerun/variogram_choice.json,42,OK,,variogram_range_0.35x,0.35,44374.231115010945,B3,AlphaEarth+S1/S2,RandomForest,3,0.6466666666666666,0.6097723967566427,134,150,338,75,True,44419.898763823345,1|2|3|4|5|6,1|2|3|4|5|6
20260612T173903Z,13c231aedc6c4af000cc8e3d111c543a4f647b4d8bedc4a01eb286ff8f65d8e5,D:/Moved_From_C_2026-06-12/Users/m1761/Documents/New project/data/reference_samples_verified_622_public.csv;D:/Moved_From_C_2026-06-12/Users/m1761/Documents/New project/data/features_fold3_teacher_vhr_repair_20260613/B3.csv;D:/Moved_From_C_2026-06-12/Users/m1761/Documents/New project/results/active_q25_rerun/variogram_choice.json,42,OK,,variogram_range_0.35x,0.35,44374.231115010945,B3,AlphaEarth+S1/S2,RandomForest,4,0.5902777777777778,0.5488190511225869,78,144,400,75,True,44659.21611758579,1|2|3|4|5|6,1|2|3|4|5|6
20260612T173903Z,13c231aedc6c4af000cc8e3d111c543a4f647b4d8bedc4a01eb286ff8f65d8e5,D:/Moved_From_C_2026-06-12/Users/m1761/Documents/New project/data/reference_samples_verified_622_public.csv;D:/Moved_From_C_2026-06-12/Users/m1761/Documents/New project/data/features_fold3_teacher_vhr_repair_20260613/B3.csv;D:/Moved_From_C_2026-06-12/Users/m1761/Documents/New project/results/active_q25_rerun/variogram_choice.json,42,OK,,variogram_range_0.35x,0.35,44374.231115010945,B3,AlphaEarth+S1/S2,XGBoost,1,0.7,0.6354408557798389,259,100,263,75,True,44388.45351536127,1|2|3|4|5|6,1|2|3|4|5|6
20260612T173903Z,13c231aedc6c4af000cc8e3d111c543a4f647b4d8bedc4a01eb286ff8f65d8e5,D:/Moved_From_C_2026-06-12/Users/m1761/Documents/New project/data/reference_samples_verified_622_public.csv;D:/Moved_From_C_2026-06-12/Users/m1761/Documents/New project/data/features_fold3_teacher_vhr_repair_20260613/B3.csv;D:/Moved_From_C_2026-06-12/Users/m1761/Documents/New project/results/active_q25_rerun/variogram_choice.json,42,OK,,variogram_range_0.35x,0.35,44374.231115010945,B3,AlphaEarth+S1/S2,XGBoost,2,0.47368421052631576,0.4813347682754346,106,228,288,75,True,44499.61609229821,1|2|3|4|5|6,1|2|3|4|5|6
20260612T173903Z,13c231aedc6c4af000cc8e3d111c543a4f647b4d8bedc4a01eb286ff8f65d8e5,D:/Moved_From_C_2026-06-12/Users/m1761/Documents/New project/data/reference_samples_verified_622_public.csv;D:/Moved_From_C_2026-06-12/Users/m1761/Documents/New project/data/features_fold3_teacher_vhr_repair_20260613/B3.csv;D:/Moved_From_C_2026-06-12/Users/m1761/Documents/New project/results/active_q25_rerun/variogram_choice.json,42,OK,,variogram_range_0.35x,0.35,44374.231115010945,B3,AlphaEarth+S1/S2,XGBoost,3,0.6266666666666667,0.5903148183849938,134,150,338,75,True,44419.898763823345,1|2|3|4|5|6,1|2|3|4|5|6
20260612T173903Z,13c231aedc6c4af000cc8e3d111c543a4f647b4d8bedc4a01eb286ff8f65d8e5,D:/Moved_From_C_2026-06-12/Users/m1761/Documents/New project/data/reference_samples_verified_622_public.csv;D:/Moved_From_C_2026-06-12/Users/m1761/Documents/New project/data/features_fold3_teacher_vhr_repair_20260613/B3.csv;D:/Moved_From_C_2026-06-12/Users/m1761/Documents/New project/results/active_q25_rerun/variogram_choice.json,42,OK,,variogram_range_0.35x,0.35,44374.231115010945,B3,AlphaEarth+S1/S2,XGBoost,4,0.5277777777777778,0.5204810877166466,78,144,400,75,True,44659.21611758579,1|2|3|4|5|6,1|2|3|4|5|6
20260612T173903Z,13c231aedc6c4af000cc8e3d111c543a4f647b4d8bedc4a01eb286ff8f65d8e5,D:/Moved_From_C_2026-06-12/Users/m1761/Documents/New project/data/reference_samples_verified_622_public.csv;D:/Moved_From_C_2026-06-12/Users/m1761/Documents/New project/data/features_fold3_teacher_vhr_repair_20260613/B0.csv;D:/Moved_From_C_2026-06-12/Users/m1761/Documents/New project/results/active_q25_rerun/variogram_choice.json,42,OK,,variogram_range_0.25x,0.25,31695.879367864964,B0,S2 spectral+indices,RandomForest,1,0.40939597315436244,0.40291734434548826,181,149,292,116,True,31806.513440745846,1|2|3|4|5|6,1|2|3|4|5|6
20260612T173903Z,13c231aedc6c4af000cc8e3d111c543a4f647b4d8bedc4a01eb286ff8f65d8e5,D:/Moved_From_C_2026-06-12/Users/m1761/Documents/New project/data/reference_samples_verified_622_public.csv;D:/Moved_From_C_2026-06-12/Users/m1761/Documents/New project/data/features_fold3_teacher_vhr_repair_20260613/B0.csv;D:/Moved_From_C_2026-06-12/Users/m1761/Documents/New project/results/active_q25_rerun/variogram_choice.json,42,OK,,variogram_range_0.25x,0.25,31695.879367864964,B0,S2 spectral+indices,RandomForest,2,0.4785714285714286,0.46128062231510514,211,140,271,116,True,31836.560147089436,1|2|3|4|5|6,1|2|3|4|5|6
20260612T173903Z,13c231aedc6c4af000cc8e3d111c543a4f647b4d8bedc4a01eb286ff8f65d8e5,D:/Moved_From_C_2026-06-12/Users/m1761/Documents/New project/data/reference_samples_verified_622_public.csv;D:/Moved_From_C_2026-06-12/Users/m1761/Documents/New project/data/features_fold3_teacher_vhr_repair_20260613/B0.csv;D:/Moved_From_C_2026-06-12/Users/m1761/Documents/New project/results/active_q25_rerun/variogram_choice.json,42,OK,,variogram_range_0.25x,0.25,31695.879367864964,B0,S2 spectral+indices,RandomForest,3,0.33,0.294924633311295,112,200,310,116,True,31777.1614471095,1|2|3|4|5|6,1|2|3|4|5|6
20260612T173903Z,13c231aedc6c4af000cc8e3d111c543a4f647b4d8bedc4a01eb286ff8f65d8e5,D:/Moved_From_C_2026-06-12/Users/m1761/Documents/New project/data/reference_samples_verified_622_public.csv;D:/Moved_From_C_2026-06-12/Users/m1761/Documents/New project/data/features_fold3_teacher_vhr_repair_20260613/B0.csv;D:/Moved_From_C_2026-06-12/Users/m1761/Documents/New project/results/active_q25_rerun/variogram_choice.json,42,OK,,variogram_range_0.25x,0.25,31695.879367864964,B0,S2 spectral+indices,RandomForest,4,0.3157894736842105,0.288344280240832,165,133,324,116,True,31760.069380274774,1|2|3|4|5|6,1|2|3|4|5|6
20260612T173903Z,13c231aedc6c4af000cc8e3d111c543a4f647b4d8bedc4a01eb286ff8f65d8e5,D:/Moved_From_C_2026-06-12/Users/m1761/Documents/New project/data/reference_samples_verified_622_public.csv;D:/Moved_From_C_2026-06-12/Users/m1761/Documents/New project/data/features_fold3_teacher_vhr_repair_20260613/B0.csv;D:/Moved_From_C_2026-06-12/Users/m1761/Documents/New project/results/active_q25_rerun/variogram_choice.json,42,OK,,variogram_range_0.25x,0.25,31695.879367864964,B0,S2 spectral+indices,XGBoost,1,0.47651006711409394,0.47884070965893816,181,149,292,116,True,31806.513440745846,1|2|3|4|5|6,1|2|3|4|5|6
20260612T173903Z,13c231aedc6c4af000cc8e3d111c543a4f647b4d8bedc4a01eb286ff8f65d8e5,D:/Moved_From_C_2026-06-12/Users/m1761/Documents/New project/data/reference_samples_verified_622_public.csv;D:/Moved_From_C_2026-06-12/Users/m1761/Documents/New project/data/features_fold3_teacher_vhr_repair_20260613/B0.csv;D:/Moved_From_C_2026-06-12/Users/m1761/Documents/New project/results/active_q25_rerun/variogram_choice.json,42,OK,,variogram_range_0.25x,0.25,31695.879367864964,B0,S2 spectral+indices,XGBoost,2,0.5071428571428571,0.48840345467656116,211,140,271,116,True,31836.560147089436,1|2|3|4|5|6,1|2|3|4|5|6
20260612T173903Z,13c231aedc6c4af000cc8e3d111c543a4f647b4d8bedc4a01eb286ff8f65d8e5,D:/Moved_From_C_2026-06-12/Users/m1761/Documents/New project/data/reference_samples_verified_622_public.csv;D:/Moved_From_C_2026-06-12/Users/m1761/Documents/New project/data/features_fold3_teacher_vhr_repair_20260613/B0.csv;D:/Moved_From_C_2026-06-12/Users/m1761/Documents/New project/results/active_q25_rerun/variogram_choice.json,42,OK,,variogram_range_0.25x,0.25,31695.879367864964,B0,S2 spectral+indices,XGBoost,3,0.33,0.30290552996435355,112,200,310,116,True,31777.1614471095,1|2|3|4|5|6,1|2|3|4|5|6
20260612T173903Z,13c231aedc6c4af000cc8e3d111c543a4f647b4d8bedc4a01eb286ff8f65d8e5,D:/Moved_From_C_2026-06-12/Users/m1761/Documents/New project/data/reference_samples_verified_622_public.csv;D:/Moved_From_C_2026-06-12/Users/m1761/Documents/New project/data/features_fold3_teacher_vhr_repair_20260613/B0.csv;D:/Moved_From_C_2026-06-12/Users/m1761/Documents/New project/results/active_q25_rerun/variogram_choice.json,42,OK,,variogram_range_0.25x,0.25,31695.879367864964,B0,S2 spectral+indices,XGBoost,4,0.3157894736842105,0.2910826035154912,165,133,324,116,True,31760.069380274774,1|2|3|4|5|6,1|2|3|4|5|6
20260612T173903Z,13c231aedc6c4af000cc8e3d111c543a4f647b4d8bedc4a01eb286ff8f65d8e5,D:/Moved_From_C_2026-06-12/Users/m1761/Documents/New project/data/reference_samples_verified_622_public.csv;D:/Moved_From_C_2026-06-12/Users/m1761/Documents/New project/data/features_fold3_teacher_vhr_repair_20260613/B1.csv;D:/Moved_From_C_2026-06-12/Users/m1761/Documents/New project/results/active_q25_rerun/variogram_choice.json,42,OK,,variogram_range_0.25x,0.25,31695.879367864964,B1,S1+S2,RandomForest,1,0.5369127516778524,0.520052569366679,181,149,292,116,True,31806.513440745846,1|2|3|4|5|6,1|2|3|4|5|6
20260612T173903Z,13c231aedc6c4af000cc8e3d111c543a4f647b4d8bedc4a01eb286ff8f65d8e5,D:/Moved_From_C_2026-06-12/Users/m1761/Documents/New project/data/reference_samples_verified_622_public.csv;D:/Moved_From_C_2026-06-12/Users/m1761/Documents/New project/data/features_fold3_teacher_vhr_repair_20260613/B1.csv;D:/Moved_From_C_2026-06-12/Users/m1761/Documents/New project/results/active_q25_rerun/variogram_choice.json,42,OK,,variogram_range_0.25x,0.25,31695.879367864964,B1,S1+S2,RandomForest,2,0.6214285714285714,0.6075121695865505,211,140,271,116,True,31836.560147089436,1|2|3|4|5|6,1|2|3|4|5|6
20260612T173903Z,13c231aedc6c4af000cc8e3d111c543a4f647b4d8bedc4a01eb286ff8f65d8e5,D:/Moved_From_C_2026-06-12/Users/m1761/Documents/New project/data/reference_samples_verified_622_public.csv;D:/Moved_From_C_2026-06-12/Users/m1761/Documents/New project/data/features_fold3_teacher_vhr_repair_20260613/B1.csv;D:/Moved_From_C_2026-06-12/Users/m1761/Documents/New project/results/active_q25_rerun/variogram_choice.json,42,OK,,variogram_range_0.25x,0.25,31695.879367864964,B1,S1+S2,RandomForest,3,0.43,0.4178124207350447,112,200,310,116,True,31777.1614471095,1|2|3|4|5|6,1|2|3|4|5|6
20260612T173903Z,13c231aedc6c4af000cc8e3d111c543a4f647b4d8bedc4a01eb286ff8f65d8e5,D:/Moved_From_C_2026-06-12/Users/m1761/Documents/New project/data/reference_samples_verified_622_public.csv;D:/Moved_From_C_2026-06-12/Users/m1761/Documents/New project/data/features_fold3_teacher_vhr_repair_20260613/B1.csv;D:/Moved_From_C_2026-06-12/Users/m1761/Documents/New project/results/active_q25_rerun/variogram_choice.json,42,OK,,variogram_range_0.25x,0.25,31695.879367864964,B1,S1+S2,RandomForest,4,0.3684210526315789,0.3350500159413359,165,133,324,116,True,31760.069380274774,1|2|3|4|5|6,1|2|3|4|5|6
20260612T173903Z,13c231aedc6c4af000cc8e3d111c543a4f647b4d8bedc4a01eb286ff8f65d8e5,D:/Moved_From_C_2026-06-12/Users/m1761/Documents/New project/data/reference_samples_verified_622_public.csv;D:/Moved_From_C_2026-06-12/Users/m1761/Documents/New project/data/features_fold3_teacher_vhr_repair_20260613/B1.csv;D:/Moved_From_C_2026-06-12/Users/m1761/Documents/New project/results/active_q25_rerun/variogram_choice.json,42,OK,,variogram_range_0.25x,0.25,31695.879367864964,B1,S1+S2,XGBoost,1,0.5302013422818792,0.4924312814556717,181,149,292,116,True,31806.513440745846,1|2|3|4|5|6,1|2|3|4|5|6
20260612T173903Z,13c231aedc6c4af000cc8e3d111c543a4f647b4d8bedc4a01eb286ff8f65d8e5,D:/Moved_From_C_2026-06-12/Users/m1761/Documents/New project/data/reference_samples_verified_622_public.csv;D:/Moved_From_C_2026-06-12/Users/m1761/Documents/New project/data/features_fold3_teacher_vhr_repair_20260613/B1.csv;D:/Moved_From_C_2026-06-12/Users/m1761/Documents/New project/results/active_q25_rerun/variogram_choice.json,42,OK,,variogram_range_0.25x,0.25,31695.879367864964,B1,S1+S2,XGBoost,2,0.6214285714285714,0.6124853801169591,211,140,271,116,True,31836.560147089436,1|2|3|4|5|6,1|2|3|4|5|6
20260612T173903Z,13c231aedc6c4af000cc8e3d111c543a4f647b4d8bedc4a01eb286ff8f65d8e5,D:/Moved_From_C_2026-06-12/Users/m1761/Documents/New project/data/reference_samples_verified_622_public.csv;D:/Moved_From_C_2026-06-12/Users/m1761/Documents/New project/data/features_fold3_teacher_vhr_repair_20260613/B1.csv;D:/Moved_From_C_2026-06-12/Users/m1761/Documents/New project/results/active_q25_rerun/variogram_choice.json,42,OK,,variogram_range_0.25x,0.25,31695.879367864964,B1,S1+S2,XGBoost,3,0.46,0.44163807429845553,112,200,310,116,True,31777.1614471095,1|2|3|4|5|6,1|2|3|4|5|6
20260612T173903Z,13c231aedc6c4af000cc8e3d111c543a4f647b4d8bedc4a01eb286ff8f65d8e5,D:/Moved_From_C_2026-06-12/Users/m1761/Documents/New project/data/reference_samples_verified_622_public.csv;D:/Moved_From_C_2026-06-12/Users/m1761/Documents/New project/data/features_fold3_teacher_vhr_repair_20260613/B1.csv;D:/Moved_From_C_2026-06-12/Users/m1761/Documents/New project/results/active_q25_rerun/variogram_choice.json,42,OK,,variogram_range_0.25x,0.25,31695.879367864964,B1,S1+S2,XGBoost,4,0.38345864661654133,0.33910038015635413,165,133,324,116,True,31760.069380274774,1|2|3|4|5|6,1|2|3|4|5|6
20260612T173903Z,13c231aedc6c4af000cc8e3d111c543a4f647b4d8bedc4a01eb286ff8f65d8e5,D:/Moved_From_C_2026-06-12/Users/m1761/Documents/New project/data/reference_samples_verified_622_public.csv;D:/Moved_From_C_2026-06-12/Users/m1761/Documents/New project/data/features_fold3_teacher_vhr_repair_20260613/B2.csv;D:/Moved_From_C_2026-06-12/Users/m1761/Documents/New project/results/active_q25_rerun/variogram_choice.json,42,OK,,variogram_range_0.25x,0.25,31695.879367864964,B2,AlphaEarth 64-dim embedding,RandomForest,1,0.6912751677852349,0.656881469643471,181,149,292,116,True,31806.513440745846,1|2|3|4|5|6,1|2|3|4|5|6
20260612T173903Z,13c231aedc6c4af000cc8e3d111c543a4f647b4d8bedc4a01eb286ff8f65d8e5,D:/Moved_From_C_2026-06-12/Users/m1761/Documents/New project/data/reference_samples_verified_622_public.csv;D:/Moved_From_C_2026-06-12/Users/m1761/Documents/New project/data/features_fold3_teacher_vhr_repair_20260613/B2.csv;D:/Moved_From_C_2026-06-12/Users/m1761/Documents/New project/results/active_q25_rerun/variogram_choice.json,42,OK,,variogram_range_0.25x,0.25,31695.879367864964,B2,AlphaEarth 64-dim embedding,RandomForest,2,0.7071428571428572,0.7220645896335411,211,140,271,116,True,31836.560147089436,1|2|3|4|5|6,1|2|3|4|5|6
20260612T173903Z,13c231aedc6c4af000cc8e3d111c543a4f647b4d8bedc4a01eb286ff8f65d8e5,D:/Moved_From_C_2026-06-12/Users/m1761/Documents/New project/data/reference_samples_verified_622_public.csv;D:/Moved_From_C_2026-06-12/Users/m1761/Documents/New project/data/features_fold3_teacher_vhr_repair_20260613/B2.csv;D:/Moved_From_C_2026-06-12/Users/m1761/Documents/New project/results/active_q25_rerun/variogram_choice.json,42,OK,,variogram_range_0.25x,0.25,31695.879367864964,B2,AlphaEarth 64-dim embedding,RandomForest,3,0.555,0.5500795193531592,112,200,310,116,True,31777.1614471095,1|2|3|4|5|6,1|2|3|4|5|6
20260612T173903Z,13c231aedc6c4af000cc8e3d111c543a4f647b4d8bedc4a01eb286ff8f65d8e5,D:/Moved_From_C_2026-06-12/Users/m1761/Documents/New project/data/reference_samples_verified_622_public.csv;D:/Moved_From_C_2026-06-12/Users/m1761/Documents/New project/data/features_fold3_teacher_vhr_repair_20260613/B2.csv;D:/Moved_From_C_2026-06-12/Users/m1761/Documents/New project/results/active_q25_rerun/variogram_choice.json,42,OK,,variogram_range_0.25x,0.25,31695.879367864964,B2,AlphaEarth 64-dim embedding,RandomForest,4,0.45864661654135336,0.45282272998733003,165,133,324,116,True,31760.069380274774,1|2|3|4|5|6,1|2|3|4|5|6
20260612T173903Z,13c231aedc6c4af000cc8e3d111c543a4f647b4d8bedc4a01eb286ff8f65d8e5,D:/Moved_From_C_2026-06-12/Users/m1761/Documents/New project/data/reference_samples_verified_622_public.csv;D:/Moved_From_C_2026-06-12/Users/m1761/Documents/New project/data/features_fold3_teacher_vhr_repair_20260613/B2.csv;D:/Moved_From_C_2026-06-12/Users/m1761/Documents/New project/results/active_q25_rerun/variogram_choice.json,42,OK,,variogram_range_0.25x,0.25,31695.879367864964,B2,AlphaEarth 64-dim embedding,XGBoost,1,0.6442953020134228,0.6011467473859945,181,149,292,116,True,31806.513440745846,1|2|3|4|5|6,1|2|3|4|5|6
20260612T173903Z,13c231aedc6c4af000cc8e3d111c543a4f647b4d8bedc4a01eb286ff8f65d8e5,D:/Moved_From_C_2026-06-12/Users/m1761/Documents/New project/data/reference_samples_verified_622_public.csv;D:/Moved_From_C_2026-06-12/Users/m1761/Documents/New project/data/features_fold3_teacher_vhr_repair_20260613/B2.csv;D:/Moved_From_C_2026-06-12/Users/m1761/Documents/New project/results/active_q25_rerun/variogram_choice.json,42,OK,,variogram_range_0.25x,0.25,31695.879367864964,B2,AlphaEarth 64-dim embedding,XGBoost,2,0.6857142857142857,0.7024400871459696,211,140,271,116,True,31836.560147089436,1|2|3|4|5|6,1|2|3|4|5|6
20260612T173903Z,13c231aedc6c4af000cc8e3d111c543a4f647b4d8bedc4a01eb286ff8f65d8e5,D:/Moved_From_C_2026-06-12/Users/m1761/Documents/New project/data/reference_samples_verified_622_public.csv;D:/Moved_From_C_2026-06-12/Users/m1761/Documents/New project/data/features_fold3_teacher_vhr_repair_20260613/B2.csv;D:/Moved_From_C_2026-06-12/Users/m1761/Documents/New project/results/active_q25_rerun/variogram_choice.json,42,OK,,variogram_range_0.25x,0.25,31695.879367864964,B2,AlphaEarth 64-dim embedding,XGBoost,3,0.565,0.5658802579454446,112,200,310,116,True,31777.1614471095,1|2|3|4|5|6,1|2|3|4|5|6
20260612T173903Z,13c231aedc6c4af000cc8e3d111c543a4f647b4d8bedc4a01eb286ff8f65d8e5,D:/Moved_From_C_2026-06-12/Users/m1761/Documents/New project/data/reference_samples_verified_622_public.csv;D:/Moved_From_C_2026-06-12/Users/m1761/Documents/New project/data/features_fold3_teacher_vhr_repair_20260613/B2.csv;D:/Moved_From_C_2026-06-12/Users/m1761/Documents/New project/results/active_q25_rerun/variogram_choice.json,42,OK,,variogram_range_0.25x,0.25,31695.879367864964,B2,AlphaEarth 64-dim embedding,XGBoost,4,0.556390977443609,0.5524179691913407,165,133,324,116,True,31760.069380274774,1|2|3|4|5|6,1|2|3|4|5|6
20260612T173903Z,13c231aedc6c4af000cc8e3d111c543a4f647b4d8bedc4a01eb286ff8f65d8e5,D:/Moved_From_C_2026-06-12/Users/m1761/Documents/New project/data/reference_samples_verified_622_public.csv;D:/Moved_From_C_2026-06-12/Users/m1761/Documents/New project/data/features_fold3_teacher_vhr_repair_20260613/B3.csv;D:/Moved_From_C_2026-06-12/Users/m1761/Documents/New project/results/active_q25_rerun/variogram_choice.json,42,OK,,variogram_range_0.25x,0.25,31695.879367864964,B3,AlphaEarth+S1/S2,RandomForest,1,0.697986577181208,0.6706308854579418,181,149,292,116,True,31806.513440745846,1|2|3|4|5|6,1|2|3|4|5|6
20260612T173903Z,13c231aedc6c4af000cc8e3d111c543a4f647b4d8bedc4a01eb286ff8f65d8e5,D:/Moved_From_C_2026-06-12/Users/m1761/Documents/New project/data/reference_samples_verified_622_public.csv;D:/Moved_From_C_2026-06-12/Users/m1761/Documents/New project/data/features_fold3_teacher_vhr_repair_20260613/B3.csv;D:/Moved_From_C_2026-06-12/Users/m1761/Documents/New project/results/active_q25_rerun/variogram_choice.json,42,OK,,variogram_range_0.25x,0.25,31695.879367864964,B3,AlphaEarth+S1/S2,RandomForest,2,0.7142857142857143,0.7275946275946276,211,140,271,116,True,31836.560147089436,1|2|3|4|5|6,1|2|3|4|5|6
20260612T173903Z,13c231aedc6c4af000cc8e3d111c543a4f647b4d8bedc4a01eb286ff8f65d8e5,D:/Moved_From_C_2026-06-12/Users/m1761/Documents/New project/data/reference_samples_verified_622_public.csv;D:/Moved_From_C_2026-06-12/Users/m1761/Documents/New project/data/features_fold3_teacher_vhr_repair_20260613/B3.csv;D:/Moved_From_C_2026-06-12/Users/m1761/Documents/New project/results/active_q25_rerun/variogram_choice.json,42,OK,,variogram_range_0.25x,0.25,31695.879367864964,B3,AlphaEarth+S1/S2,RandomForest,3,0.56,0.5493691776790247,112,200,310,116,True,31777.1614471095,1|2|3|4|5|6,1|2|3|4|5|6
20260612T173903Z,13c231aedc6c4af000cc8e3d111c543a4f647b4d8bedc4a01eb286ff8f65d8e5,D:/Moved_From_C_2026-06-12/Users/m1761/Documents/New project/data/reference_samples_verified_622_public.csv;D:/Moved_From_C_2026-06-12/Users/m1761/Documents/New project/data/features_fold3_teacher_vhr_repair_20260613/B3.csv;D:/Moved_From_C_2026-06-12/Users/m1761/Documents/New project/results/active_q25_rerun/variogram_choice.json,42,OK,,variogram_range_0.25x,0.25,31695.879367864964,B3,AlphaEarth+S1/S2,RandomForest,4,0.48120300751879697,0.47360667781324417,165,133,324,116,True,31760.069380274774,1|2|3|4|5|6,1|2|3|4|5|6
20260612T173903Z,13c231aedc6c4af000cc8e3d111c543a4f647b4d8bedc4a01eb286ff8f65d8e5,D:/Moved_From_C_2026-06-12/Users/m1761/Documents/New project/data/reference_samples_verified_622_public.csv;D:/Moved_From_C_2026-06-12/Users/m1761/Documents/New project/data/features_fold3_teacher_vhr_repair_20260613/B3.csv;D:/Moved_From_C_2026-06-12/Users/m1761/Documents/New project/results/active_q25_rerun/variogram_choice.json,42,OK,,variogram_range_0.25x,0.25,31695.879367864964,B3,AlphaEarth+S1/S2,XGBoost,1,0.6510067114093959,0.6060313054829506,181,149,292,116,True,31806.513440745846,1|2|3|4|5|6,1|2|3|4|5|6
20260612T173903Z,13c231aedc6c4af000cc8e3d111c543a4f647b4d8bedc4a01eb286ff8f65d8e5,D:/Moved_From_C_2026-06-12/Users/m1761/Documents/New project/data/reference_samples_verified_622_public.csv;D:/Moved_From_C_2026-06-12/Users/m1761/Documents/New project/data/features_fold3_teacher_vhr_repair_20260613/B3.csv;D:/Moved_From_C_2026-06-12/Users/m1761/Documents/New project/results/active_q25_rerun/variogram_choice.json,42,OK,,variogram_range_0.25x,0.25,31695.879367864964,B3,AlphaEarth+S1/S2,XGBoost,2,0.7071428571428572,0.7292356233958962,211,140,271,116,True,31836.560147089436,1|2|3|4|5|6,1|2|3|4|5|6
20260612T173903Z,13c231aedc6c4af000cc8e3d111c543a4f647b4d8bedc4a01eb286ff8f65d8e5,D:/Moved_From_C_2026-06-12/Users/m1761/Documents/New project/data/reference_samples_verified_622_public.csv;D:/Moved_From_C_2026-06-12/Users/m1761/Documents/New project/data/features_fold3_teacher_vhr_repair_20260613/B3.csv;D:/Moved_From_C_2026-06-12/Users/m1761/Documents/New project/results/active_q25_rerun/variogram_choice.json,42,OK,,variogram_range_0.25x,0.25,31695.879367864964,B3,AlphaEarth+S1/S2,XGBoost,3,0.565,0.5632185088948627,112,200,310,116,True,31777.1614471095,1|2|3|4|5|6,1|2|3|4|5|6
20260612T173903Z,13c231aedc6c4af000cc8e3d111c543a4f647b4d8bedc4a01eb286ff8f65d8e5,D:/Moved_From_C_2026-06-12/Users/m1761/Documents/New project/data/reference_samples_verified_622_public.csv;D:/Moved_From_C_2026-06-12/Users/m1761/Documents/New project/data/features_fold3_teacher_vhr_repair_20260613/B3.csv;D:/Moved_From_C_2026-06-12/Users/m1761/Documents/New project/results/active_q25_rerun/variogram_choice.json,42,OK,,variogram_range_0.25x,0.25,31695.879367864964,B3,AlphaEarth+S1/S2,XGBoost,4,0.556390977443609,0.5721067807572512,165,133,324,116,True,31760.069380274774,1|2|3|4|5|6,1|2|3|4|5|6
